SURVEY_NAM,YT_REGION,S_TYPE,SURVEY_YEA,S_SEASON,SURVEY_ID,CENSUS_ID,S_SET_ID,SU_ID,SU_STRATUM,ALL_STRATA,ID,SUS_,SUS_ID,CENTRLAT,CENTRLON,Sampled,BULL_SMALL,BULL_LARGE,LONE_COW,COW_1C,COW_2C,LONE_CALF,UNKNOWN_AG,MOOSE_TOTA,AREA_KM,PERIM_KM,GMS,ActORPred,TotGr3,TotGr4,TotGr5,SUM_RSPF_FINAL,LOG_SUMRSPF,PER_DEM_1300_1600,PER_SUBALP_BC,PER_TALL_SHRUB_NASA,PER_TALL_SHRUB_HERB_NASA,PER_SHRUB_NALC30,PER_SHRUB_DECFOR_NALC30,PER_DEC_MIX_FOR_NALC250,DEM_TALL_SHRUB_NASA,DEM_TALL_SHRUB_HERB_NASA,DEM_SHRUB_NALC30,DEM_SHRUB_DECFOR_NALC30,DEM_DEC_MIX_FOR_NALC250,S2013_Strat01,S2013_4levelStrat,SUM_LASSO_RSF,SUM_CONV_RSF1,SUM_CONV_RSF2,SC2013MeanPredObs,SC2013AccuracyObs,N30Sh8MN,Sh8SubMN,S8SbSlMN,TalSh6MN,TShExpMN,TShESbMN,TSESbSMN,SSSbSlMN,ELCSubMN,TShHrbMN,TShHSbMN,TShHSSMN
South Canol,Liard,Census,2022,Early-Winter,6,0,5,1,2,L.,6210-13330,126787,51415,62.1833,-133.5417,0,0,0,0,0,0,0,0,0,16.12385304,16.10990303,819,0.164,0,0,0,2.16E-05,-4.666370142,0,0,5.062231,5.480828,3.281616,18.540016,12.648221,5.011161,5.429687,3.27567,18.532366,11.930804,0,L,6.467123,1.235371977,1.128160608,0,0,0.032818,0,0,0.050622,0.142211,0,0,0,0,0.054808,0,0
South Canol,Liard,Census,2022,Early-Winter,6,0,5,2,2,L.,6210-13325,126788,51414,62.1833,-133.4583,0,0,0,0,0,0,0,0,0,16.12385311,16.10990327,819,0.192,0,0,0,3.42E-07,-6.466372547,0,0,2.973998,4.274077,2.054259,6.977783,2.281369,3.002735,4.314338,2.070659,6.993358,2.455768,0,L,1.771302,0.106689995,0.081086099,0,0,0.020533,0,0,0.02974,0.112376,0,0,0,0,0.042741,0,0
South Canol,Liard,Census,2022,Early-Winter,6,6,5,3,2,L?,6208-13320,127329,50873,62.15,-133.375,1,0,0,0,0,0,0,0,0,16.14152513,16.11945085,819,0,0,0,0,0.000321955,-3.492204226,0,2.553951,3.082497,3.51728,3.084388,24.022533,25.475285,3.050243,3.412703,2.994479,24.045057,24.585959,0,L,22.57023,3.815100866,3.476186068,0,0,0.030825,0.001226,0.001229,0.030825,0.093311,0.005686,0.005699,0.00676,0.025681,0.035173,0.00223,0.002235
South Canol,Liard,Census,2022,Early-Winter,6,0,5,4,2,L.,6208-13315,127330,50872,62.15,-133.2917,0,0,0,0,0,0,0,0,0,16.14152577,16.11945098,819,0.217,0,0,0,3.86E-06,-5.413197767,0,0,1.706923,2.471133,2.270065,6.826928,0.392157,1.715973,2.462533,2.267536,6.830464,0.635133,0,L,2.327543,0.200974002,0.163753277,2.668,11,0.022647,0,0,0.017069,0.068165,0,0,0,0,0.024711,0,0
South Canol,Liard,Census,2022,Early-Winter,6,0,5,5,2,L.,6208-13310,127331,50871,62.15,-133.2083,0,0,0,0,0,0,0,0,0,16.14152514,16.11945076,819,0.21,0,0,0,6.72E-10,-9.172336127,0,0,2.147958,2.482705,1.293272,3.210881,2.222222,2.155749,2.501114,1.292335,3.208556,2.088904,0,L?,0.288474,0.007567436,0.005107045,0.686,4.05,0.012888,0,0,0.02148,0.072696,0,0,0,0,0.024827,0,0
South Canol,Liard,Census,2022,Early-Winter,6,0,5,6,2,L.,6206-13320,127869,50333,62.1167,-133.375,0,0,0,0,0,0,0,0,0,16.15919124,16.12899586,819,0.198,0,0,0,0.000430666,-3.365859034,0,0,0.607039,0.87436,5.223881,14.07329,34.351145,0.606904,0.879733,5.233853,13.981069,34.159243,0,L,27.08082,2.8568754,2.48104169,1.898,8.05,0.052684,0,0,0.00607,0.026843,0,0,0,0,0.008744,0,0
South Canol,Liard,Census,2022,Early-Winter,6,0,5,7,2,L?,6206-13315,127870,50332,62.1167,-133.2917,0,0,0,0,0,0,0,0,0,16.15919138,16.12899602,819,0.211,0,0,0,0.064317422,-1.191671371,8.549482,8.193254,1.525867,1.681795,19.748274,43.049677,49.803922,9.935434,10.085717,25.670711,44.879216,50.300568,0,L?,153.3446,32.01640758,28.94081763,0,0,0.197138,0.026508,0.025388,0.015259,0.054296,0.00685,0.006751,0.02907,0.081747,0.016818,0.001337,0.001283
South Canol,Liard,Census,2022,Early-Winter,6,0,5,8,2,L.,6206-13310,127871,50331,62.1167,-133.2083,0,0,0,0,0,0,0,0,0,16.15919135,16.12899595,819,0.218,0,0,0,0.006499264,-2.187135842,0.105832,0.100262,0.768717,0.95254,4.606986,14.166342,22.779923,0.868936,1.041609,4.779146,14.370857,22.402941,0,L,29.06187,5.987108559,5.691060278,0,0,0.046012,0.000557,0.00056,0.007687,0.037656,0,0,0.00056,0.001002,0.009525,0,0
South Canol,Liard,Census,2022,Early-Winter,6,0,5,9,2,L.,6206-13305,127872,50330,62.1167,-133.125,0,0,0,0,0,0,0,0,0,16.15919132,16.12899605,819,0.167,0,0,0,4.16E-08,-7.381342195,0,0,0.412027,0.829621,0.53461,0.935568,0,0.423186,0.857509,0.534551,0.929896,0,0,L,1.589452,0.073610251,0.053389717,0,0,0.00529,0,0,0.00412,0.020768,0,0,0,0,0.008296,0,0
South Canol,Liard,Census,2022,Early-Winter,6,0,5,10,2,L.,6204-13315,128410,49792,62.0833,-133.2917,0,0,0,0,0,0,0,0,0,16.17685192,16.13853897,819,0.287,0,0,0,0.120438525,-0.919234571,18.594949,18.294582,1.802403,3.755007,36.370214,47.757124,60.076046,19.829792,21.504061,46.445656,53.070419,65.908332,0,L,188.9646,47.99481144,43.5455991,0,0,0.36393,0.083111,0.06971,0.018024,0.096518,0.030096,0.02333,0.077728,0.181909,0.03755,0.008734,0.005345
South Canol,Liard,Census,2022,Early-Winter,6,6,5,11,2,L?,6204-13310,128411,49791,62.0833,-133.2083,1,0,0,0,0,0,0,0,0,16.1768519,16.13853905,819,0,0,0,0,0.780154413,-0.107819431,59.158691,58.557757,9.007005,11.025242,37.037655,55.448023,49.411765,61.050523,62.002003,70.693301,77.22012,80.764523,0,L,356.7709,156.9887048,149.635545,0,0,0.370622,0.255532,0.248164,0.09007,0.242633,0.172634,0.162439,0.296785,0.584822,0.110252,0.081174,0.077882
South Canol,Liard,Census,2022,Early-Winter,6,6,5,12,2,L?,6204-13305,128412,49790,62.0833,-133.125,1,0,0,0,0,0,0,0,0,16.17685163,16.13853901,819,0,0,0,0,0.408979097,-0.388298888,28.390325,28.179038,4.047208,7.66019,15.76341,24.037391,19.259259,28.679455,29.241034,32.732833,38.103976,38.420906,0,L?,171.3002,83.27286066,79.31776591,0.516,4,0.156934,0.114959,0.069346,0.040472,0.116016,0.102711,0.062267,0.088132,0.283204,0.076602,0.068307,0.038798
South Canol,Liard,Census,2022,Early-Winter,6,0,5,13,2,L.,6204-13300,128413,49789,62.0833,-133.0417,0,0,0,0,0,0,0,0,0,16.17685189,16.13853905,819,0.235,0,0,0,0.047977978,-1.318958058,3.621697,4.072323,0.723267,1.852676,1.957295,6.722642,3.529412,4.255911,4.956885,4.573018,8.72879,6.648122,0,L?,34.1228,10.40441974,9.406635653,0,0,0.019194,0.01046,0.002894,0.007233,0.036887,0.006064,0.001781,0.003395,0.040623,0.018527,0.005452,0.001837
South Canol,Liard,Census,2022,Early-Winter,6,0,5,14,2,L.,6204-13255,128414,49788,62.0833,-132.9583,0,0,0,0,0,0,0,0,0,16.17685191,16.13853897,819,0.198,0,0,0,0.000225159,-3.647510637,0,11.31939,1.374054,2.169559,1.369177,5.916402,4.460967,1.329403,2.119257,1.357214,5.890533,5.122928,0,L,10.20536,1.860386357,1.6257702,3,0,0.013685,0.00217,0.000728,0.013741,0.056353,0.005785,0.002296,0.002407,0.11315,0.021696,0.002448,0.00084
South Canol,Liard,Census,2022,Early-Winter,6,0,5,15,2,L.,6202-13315,128950,49252,62.05,-133.2917,0,0,0,0,0,0,0,0,0,16.1945069,16.14808032,819,0.304,0,0,0,0.093936079,-1.027167573,16.033544,15.933578,1.929922,4.588432,11.388889,20,39.382239,17.172054,17.777408,24.380762,31.317339,45.590359,0,L,103.237,28.19006068,25.49878302,1.5,7.05,0.114572,0.030701,0.011708,0.019299,0.075083,0.030534,0.007136,0.015778,0.158345,0.045884,0.028142,0.004405
South Canol,Liard,Census,2022,Early-Winter,6,0,5,16,1,H?,6202-13310,128951,49251,62.05,-133.2083,0,0,0,0,0,0,0,0,0,16.19450696,16.14808025,819,1.822,0,0,0,0.63007234,-0.200609586,35.692855,35.370597,8.769103,16.593498,30.719209,41.007114,49.019608,40.05445,44.538282,51.772419,58.189799,57.906434,1,H?,319.2584,125.5577885,120.3051964,0,0,0.306474,0.146985,0.101934,0.087691,0.267519,0.122145,0.087261,0.134226,0.353568,0.165935,0.078466,0.049522
South Canol,Liard,Census,2022,Early-Winter,6,6,5,17,1,H?,6202-13305,128952,49250,62.05,-133.125,1,0,0,0,0,0,0,0,0,16.19450682,16.14808007,819,0,0,0,0,2.349899134,0.371049221,76.036226,75.758418,16.969394,34.999722,43.051771,52.944448,56.296296,78.342038,85.448383,85.120569,86.392933,91.243471,1,H?,467.8008,315.102497,313.28393,2,0,0.432317,0.342332,0.227457,0.169694,0.398656,0.331611,0.236513,0.308128,0.756595,0.349997,0.256235,0.163342
South Canol,Liard,Census,2022,Early-Winter,6,6,5,18,1,H?,6202-13300,128953,49249,62.05,-133.0417,1,0,0,0,1,0,0,0,2,16.19450648,16.14808,819,2,0,0,0,1.073744557,0.030900975,59.183333,59.005556,12.151195,35.936631,44.688889,61.627778,68.627451,60.566667,68.266667,71.75,78.927778,82.122222,1,H?,270.1925,180.1389883,175.044165,1.774,8,0.444914,0.320289,0.092633,0.121512,0.323791,0.273207,0.104365,0.135613,0.591543,0.359366,0.266704,0.06978
South Canol,Liard,Census,2022,Early-Winter,6,0,5,19,2,L?,6202-13255,128954,49248,62.05,-132.9583,0,0,0,0,0,0,0,0,0,16.19450699,16.14808032,819,0.243,0,0,0,0.039590046,-1.402413991,7.323991,9.720832,2.594589,4.761376,7.515286,15.180656,21.568627,9.748638,11.906351,14.036258,20.181292,25.280836,0,L?,51.63281,14.81764005,13.17901228,8,0,0.07506,0.020168,0.006919,0.025946,0.084671,0.024279,0.006138,0.010211,0.097317,0.047614,0.014334,0.002511
South Canol,Liard,Census,2022,Early-Winter,6,0,5,20,2,L.,6202-13250,128955,49247,62.05,-132.875,0,0,0,0,0,0,0,0,0,16.19450665,16.14808003,819,0.215,0,0,1,2.39E-06,-5.622124366,0,0,5.877778,7.65,2.344054,9.059601,27.777778,5.876151,7.624015,2.363778,9.088891,27.416491,0,L,3.280182,0.264501328,0.209353118,0,0,0.024167,0,0,0.058778,0.212222,0,0,0,0,0.0765,0,0
South Canol,Liard,Census,2022,Early-Winter,6,0,5,21,2,L.,6200-13315,129490,48712,62.0167,-133.2917,0,0,0,0,0,0,0,0,0,16.21215551,16.15761876,819,0.379,0,0,0,0.178006841,-0.749563308,16.658337,16.469543,1.769568,2.512897,17.497361,23.014947,42.307692,17.208063,17.552335,27.597312,30.49031,52.729191,0,L,165.1816,49.59891505,45.4085077,1.624,8.05,0.174461,0.067177,0.045391,0.017696,0.062573,0.036889,0.026025,0.054492,0.166547,0.025129,0.016309,0.009489
South Canol,Liard,Census,2022,Early-Winter,6,0,5,22,2,L.,6200-13310,129491,48711,62.0167,-133.2083,0,0,0,0,0,0,0,0,0,16.21215537,16.15761864,819,1.536,0,0,0,0.549351056,-0.260150036,32.317851,32.068143,7.938711,14.711597,23.690192,33.131896,55.905512,36.718273,40.48055,44.936463,51.151434,71.344542,0,L?,235.448,96.73172692,92.22339259,27,0,0.237995,0.11253,0.057117,0.079387,0.211736,0.093988,0.04695,0.075453,0.320333,0.147116,0.067285,0.027559
South Canol,Liard,Census,2022,Early-Winter,6,6,5,23,1,L.,6200-13305,129492,48710,62.0167,-133.125,1,0,1,0,0,0,0,0,1,16.21215527,16.15761884,819,1,0,0,0,1.090314219,0.037551676,53.107313,52.885362,14.797534,27.734267,46.748916,52.27298,37.109375,57.152369,61.846632,68.510709,69.736988,65.758517,1,H?,324.8286,205.4828157,203.9612891,1.83,9,0.467311,0.315225,0.202969,0.147975,0.379492,0.267511,0.18334,0.248624,0.527973,0.277343,0.188524,0.106712
South Canol,Liard,Census,2022,Early-Winter,6,0,5,24,1,H?,6200-13300,129493,48709,62.0167,-133.0417,0,0,0,0,0,0,0,0,0,16.21215531,16.15761865,819,5.577,1,1,0,1.189390554,0.075324485,52.538423,52.310936,13.779134,25.832408,39.84349,48.096348,21.189591,54.724519,61.022027,67.119791,69.9828,61.920879,1,H?,369.5498,225.6302077,227.1153003,0,0,0.397558,0.257769,0.176075,0.137791,0.336238,0.256715,0.1728,0.218818,0.522367,0.258324,0.173363,0.103691
South Canol,Liard,Census,2022,Early-Winter,6,6,5,25,2,H?,6200-13255,129494,48708,62.0167,-132.9583,1,0,0,0,0,0,0,0,0,16.21215543,16.15761887,819,0,0,0,0,0.898298752,-0.046579204,66.840586,66.596359,11.413194,29.678744,38.604574,49.167407,50.980392,67.917407,70.44294,74.955595,78.985346,77.009325,0,L,267.3954,157.5980024,152.5857821,0,0,0.387116,0.310492,0.045719,0.114132,0.310825,0.27071,0.077789,0.095101,0.667555,0.296787,0.261111,0.049048
South Canol,Liard,Census,2022,Early-Winter,6,0,5,26,2,L?,6200-13250,129495,48707,62.0167,-132.875,0,0,0,0,0,0,0,0,0,16.21215531,16.1576187,819,0.332,0,0,0,0.145144479,-0.838199478,16.994623,16.878222,3.23639,7.829617,9.968363,18.593551,13.333333,17.759548,19.638601,20.869131,26.007428,22.692755,0,L,79.3626,34.10486242,31.60897927,1,0,0.098538,0.062948,0.011354,0.032364,0.103987,0.068898,0.014415,0.017197,0.168794,0.078296,0.053384,0.010686
South Canol,Liard,Census,2022,Early-Winter,6,0,5,27,2,L.,6200-13245,129496,48706,62.0167,-132.7917,0,0,0,0,0,0,0,0,0,16.21215548,16.15761875,819,0.229,0,0,0,0.006353061,-2.197016995,0.979846,8.250752,2.982679,5.306845,5.17136,12.464589,19.215686,4.041866,6.357867,6.196415,13.055339,18.672754,0,L,18.72628,4.178197007,3.71268579,12,0,0.051574,0.001549,0.001333,0.029827,0.110398,0.001439,0,0.001333,0.083236,0.053068,0.000387,0
South Canol,Liard,Census,2022,Early-Winter,6,6,5,28,1,H?,6158-13310,130031,48171,61.9833,-133.2083,1,0,0,1,0,0,0,0,1,16.22979872,16.16715534,819,1,0,0,0,1.444726578,0.159785662,60.710322,60.427303,14.261959,25.658223,31.618382,41.108891,49.224806,62.419534,63.834628,66.875694,68.324084,69.689234,1,H?,285.3883,231.9196297,238.2890543,0,0,0.314617,0.25115,0.128346,0.14262,0.300261,0.257247,0.15701,0.177047,0.604133,0.256582,0.222438,0.10792
South Canol,Liard,Census,2022,Early-Winter,6,6,5,29,1,H?,6158-13305,130032,48170,61.9833,-133.125,1,0,0,0,0,0,0,0,0,16.22979894,16.1671554,819,0,0,0,1,0.621045077,-0.206876876,58.250706,57.879577,11.179538,19.357523,35.301292,46.01142,59.055118,60.964937,62.454994,67.32399,69.223952,77.53282,1,H?,283.0816,146.985965,141.2945976,2.484,10,0.353307,0.260985,0.107151,0.111795,0.312139,0.223646,0.083722,0.12958,0.578279,0.193575,0.150078,0.038197
South Canol,Liard,Census,2022,Early-Winter,6,6,5,30,1,H?,6158-13300,130033,48169,61.9833,-133.0417,1,0,0,0,0,0,0,0,0,16.22979855,16.1671553,819,0,0,0,1,1.743960038,0.241536529,70.917858,70.590844,14.719095,28.107149,38.161544,51.64762,61.481481,72.879947,77.513579,80.927835,83.521783,86.420574,1,H?,367.39,254.9064814,255.6232418,1.494,8,0.382674,0.285675,0.123801,0.147191,0.3418,0.280184,0.130013,0.175939,0.706202,0.281071,0.21524,0.092018
South Canol,Liard,Census,2022,Early-Winter,6,0,5,31,1,H?,6158-13255,130034,48168,61.9833,-132.9583,0,0,0,0,0,0,0,0,0,16.22979919,16.16715552,819,1.206,0,0,0,0.494711984,-0.305647569,40.097556,39.809323,6.499196,10.070426,24.035477,37.267184,15.686275,40.823679,41.804778,49.958428,56.815032,45.113907,1,H?,203.6359,108.5721088,102.6873163,0.738,5,0.23945,0.148006,0.042482,0.064992,0.17407,0.146287,0.052853,0.062892,0.39868,0.100704,0.08612,0.02407
South Canol,Liard,Census,2022,Early-Winter,6,6,5,32,1,H?,6158-13250,130035,48167,61.9833,-132.875,1,0,0,0,0,0,0,0,0,16.22979891,16.16715547,819,0,0,0,1,0.817729912,-0.087390116,50.194293,49.972244,10.6626,18.042695,18.441804,29.931142,40,50.566226,52.065061,53.130898,55.062729,56.86133,1,H?,188.9134,139.8334573,137.5660249,0,0,0.186304,0.157527,0.027558,0.106626,0.224231,0.211589,0.038203,0.041752,0.499031,0.180427,0.161076,0.02667
South Canol,Liard,Census,2022,Early-Winter,6,0,5,33,1,H?,6158-13245,130036,48166,61.9833,-132.7917,0,0,0,0,0,0,0,0,0,16.22979904,16.16715555,819,0.416,0,0,0,0.188202395,-0.725374855,31.480252,31.391747,8.821082,21.170596,23.435081,37.270515,21.176471,34.279234,38.582808,39.572962,49.286425,39.683593,1,H?,99.36014,57.28234505,55.45442958,0,0,0.232843,0.158003,0.014483,0.088211,0.241664,0.151345,0.017369,0.020587,0.314687,0.211706,0.145631,0.013096
South Canol,Liard,Census,2022,Early-Winter,6,0,5,34,2,L.,6158-13240,130037,48165,61.9833,-132.7083,0,0,0,0,0,0,0,0,0,16.22979898,16.16715546,819,0.245,0,0,0,3.30E-06,-5.481808641,0.127742,0.127742,0.531414,0.708552,1.600978,3.313136,5.555556,0.660928,0.838656,1.727298,3.449042,5.870592,0,L,2.034838,0.113036417,0.085853479,1.142,6,0.015942,0,0,0.005314,0.028231,0,0,0,0.001717,0.007086,0,0
South Canol,Liard,Census,2022,Early-Winter,6,0,5,35,2,L?,6158-13235,130038,48164,61.9833,-132.625,0,0,0,0,0,0,0,0,0,16.22979905,16.1671556,819,0.22,0,0,1,5.22E-11,-10.28201346,0,0,1.746385,2.007786,0.714404,1.661406,0.392157,1.743185,2.004108,0.716149,1.665464,0.449675,0,L?,0.370113,0.006275916,0.00405166,0,0,0.007175,0,0,0.017464,0.071079,0,0,0,0,0.020078,0,0
South Canol,Liard,Census,2022,Early-Winter,6,6,5,36,2,H.,6156-13310,130571,47631,61.95,-133.2083,1,1,4,17,1,0,0,0,24,16.24743558,16.17668963,819,24,1,1,1,2.90747205,0.463515548,61.8713,61.638909,32.041473,40.812819,41.852734,57.476869,63.703704,68.544237,70.68002,70.027112,71.653848,76.240801,0,L,357.6146,465.4117372,496.9544284,2.068,9,0.419051,0.336771,0.228169,0.320415,0.581836,0.438734,0.324821,0.340199,0.618455,0.408128,0.319472,0.224227
South Canol,Liard,Census,2022,Early-Winter,6,6,5,37,1,H.,6156-13305,130572,47630,61.95,-133.125,1,1,2,1,0,0,0,0,4,16.24743592,16.17668956,819,4,1,0,1,1.249189152,0.096628204,52.940851,52.791316,12.861968,23.199158,22.690285,28.192638,25.206612,57.465662,60.007754,58.063802,58.800399,58.495791,1,H?,260.2937,177.9013667,180.0452068,2.166,9,0.226455,0.171973,0.080505,0.12862,0.279663,0.186922,0.093959,0.112342,0.526164,0.231992,0.157023,0.072421
South Canol,Liard,Census,2022,Early-Winter,6,6,5,38,1,H?,6156-13300,130573,47629,61.95,-133.0417,1,0,1,2,0,0,0,0,3,16.2474353,16.17668934,819,3,1,1,0,1.961711652,0.292635172,79.998893,79.816158,24.991686,39.585412,41.261921,59.176092,58.888889,84.855197,89.257434,88.255164,89.683814,90.603023,1,H,370.6623,316.0377564,315.7775868,0,0,0.413036,0.328899,0.123801,0.249917,0.530096,0.43432,0.229861,0.241504,0.798472,0.395854,0.304401,0.1299
South Canol,Liard,Census,2022,Early-Winter,6,6,5,39,1,H?,6156-13255,130574,47628,61.95,-132.9583,1,1,6,6,2,0,0,0,17,16.24743579,16.17668957,819,17,1,1,0,2.297296159,0.361216987,70.628287,70.478826,15.057637,26.424296,31.004705,46.537503,56.470588,71.026847,75.228342,75.222807,77.193468,79.053418,1,H,357.6347,279.3949007,279.4535214,2.868,12.05,0.309687,0.263245,0.133688,0.150576,0.340944,0.321769,0.180911,0.198648,0.70355,0.264243,0.216249,0.110464
South Canol,Liard,Census,2022,Early-Winter,6,6,5,40,1,H.,6156-13250,130575,47627,61.95,-132.875,1,4,7,8,2,0,0,0,23,16.24743537,16.17668943,819,23,1,1,1,1.845330059,0.266074056,67.925992,67.754265,16.660214,30.770507,33.815061,52.430786,43.333333,69.172391,73.897629,74.329714,79.885885,79.636605,1,H?,281.959,253.0597146,256.4270662,1.17,7,0.337574,0.27402,0.053604,0.166602,0.339952,0.30245,0.07634,0.086685,0.680878,0.307705,0.245589,0.051004
South Canol,Liard,Census,2022,Early-Winter,6,6,5,41,1,H.,6156-13245,130576,47626,61.95,-132.7917,1,0,1,0,1,0,0,0,3,16.24743569,16.17668955,819,3,0,0,1,0.761404416,-0.118384609,64.853765,64.626228,13.80436,25.832688,25.457469,39.309083,37.647059,65.908208,68.266829,69.487763,74.082912,75.40374,1,H?,185.9205,126.4680052,124.9946402,2,0,0.255671,0.209859,0.01599,0.138044,0.303364,0.264856,0.03707,0.038232,0.643335,0.258327,0.224189,0.019918
South Canol,Liard,Census,2022,Early-Winter,6,0,5,42,1,H?,6156-13240,130577,47625,61.95,-132.7083,0,0,0,0,0,0,0,0,0,16.2474355,16.17668941,819,0.354,0,0,0,0.042283984,-1.3738241,19.084729,18.963135,3.50253,8.317118,11.052544,17.660767,8.888889,19.808766,21.527663,23.340518,27.469187,24.655944,1,H,46.10066,19.20387308,17.78332903,2.252,9,0.109079,0.068716,0.003178,0.035025,0.101963,0.071329,0.00485,0.005463,0.190124,0.083171,0.059988,0.002174
South Canol,Liard,Census,2022,Early-Winter,6,0,5,43,1,L.,6156-13235,130578,47624,61.95,-132.625,0,0,0,0,0,0,0,0,0,16.24743582,16.17668962,819,0.253,0,0,0,1.01E-09,-8.99538418,0,0,0.221459,0.304507,0.254087,0.784357,0,0.221276,0.304254,0.254467,0.746805,0,1,H,0.516978,0.011080746,0.007463431,0,0,0.002547,0,0,0.002215,0.011903,0,0,0,0,0.003045,0,0
South Canol,Liard,Census,2022,Early-Winter,6,6,5,44,1,H?,6154-13305,131112,47090,61.9167,-133.125,1,0,0,0,0,0,0,0,0,16.26506762,16.18622203,819,0,0,0,0,0.53506966,-0.271589674,34.202369,34.0031,6.779567,25.502758,25.360916,28.563527,24.902724,35.193181,38.957157,39.145356,40.224732,39.831728,1,H?,128.3194,86.5280441,86.49203795,1,0,0.253194,0.202367,0.042254,0.067796,0.170687,0.134533,0.036822,0.048688,0.339198,0.255028,0.205058,0.03426
South Canol,Liard,Census,2022,Early-Winter,6,6,5,45,1,H.,6154-13300,131113,47089,61.9167,-133.0417,1,1,7,6,0,0,0,0,14,16.26506767,16.18622179,819,14,1,1,0,1.948588597,0.289720157,76.392808,76.315353,18.359332,27.895785,25.084389,37.280726,24.80315,77.488243,78.827109,77.554633,78.196404,77.128631,1,H,377.9488,283.1449441,282.6642496,0,0,0.250968,0.238522,0.165708,0.183593,0.390198,0.365085,0.264302,0.28411,0.764224,0.278958,0.252572,0.16355
South Canol,Liard,Census,2022,Early-Winter,6,0,5,46,1,H?,6154-13255,131114,47088,61.9167,-132.9583,0,0,0,0,0,0,0,0,0,16.26506749,16.18622202,819,3.751,1,0,0,0.91483336,-0.038658007,58.119091,57.881351,14.543542,28.505785,30.094131,40.548173,32.945736,60.734229,63.95201,64.239509,67.103444,65.826284,1,H?,228.8886,164.7808101,165.3476418,0,0,0.300836,0.240215,0.053704,0.145435,0.354426,0.279356,0.069981,0.07812,0.577457,0.285058,0.228146,0.043351
South Canol,Liard,Census,2022,Early-Winter,6,6,5,47,1,H.,6154-13250,131115,47087,61.9167,-132.875,1,0,2,3,0,0,0,0,5,16.26506737,16.1862219,819,5,1,1,0,1.028355033,0.012143078,59.78874,59.656012,15.319055,38.679506,40.702045,49.198452,66.296296,60.944586,68.084283,67.769052,69.41157,76.108838,1,H,220.3863,180.5408283,177.3889266,0,0,0.407161,0.326471,0.046378,0.153191,0.348885,0.305772,0.058055,0.066744,0.598351,0.386795,0.302894,0.047153
South Canol,Liard,Census,2022,Early-Winter,6,6,5,48,1,H.,6154-13245,131116,47086,61.9167,-132.7917,1,0,0,0,1,0,0,0,2,16.26506774,16.18622195,819,2,0,0,0,0.819486217,-0.086458347,67.483678,67.295563,19.45383,50.14679,48.965365,59.378112,50.980392,71.102136,79.71672,78.886799,81.802589,85.409981,1,H,200.49,190.9190254,195.477883,5,0,0.490223,0.374564,0.034233,0.194538,0.413006,0.322495,0.039384,0.043372,0.671243,0.501468,0.377555,0.032405
South Canol,Liard,Census,2022,Early-Winter,6,6,5,49,1,H?,6154-13240,131117,47085,61.9167,-132.7083,1,0,0,0,0,0,0,0,0,16.2650674,16.18622186,819,0,0,0,0,0.189115717,-0.723272377,48.2711,48.061202,12.780666,36.135383,31.432522,44.684735,40.37037,53.750552,63.94167,61.60517,69.642068,70.404331,1,H?,129.423,68.32985192,64.68749645,0.924,6,0.31429,0.183387,0.01178,0.127807,0.352505,0.186871,0.01919,0.022343,0.483012,0.361354,0.205564,0.011669
South Canol,Liard,Census,2022,Early-Winter,6,0,5,50,1,H?,6154-13235,131118,47084,61.9167,-132.625,0,0,0,0,0,0,0,0,0,16.26506753,16.18622194,819,0.209,0,0,0,0.019939187,-1.700292543,7.451392,7.512152,6.093309,20.615419,12.622434,20.961762,18.823529,12.328767,25.033142,18.266681,25.839593,24.315068,1,H?,22.32025,9.473692317,8.933971747,11,0,0.126183,0.016603,0.00267,0.060933,0.204439,0.034258,0.006453,0.006731,0.07651,0.206154,0.029,0.003449
South Canol,Liard,Census,2022,Early-Winter,6,0,5,51,2,L.,6154-13230,131119,47083,61.9167,-132.5417,0,0,0,0,0,0,0,0,0,16.2650676,16.18622197,1001,0.18,0,0,0,8.51E-11,-10.07031547,0,0,16.681396,18.708573,9.611136,27.524304,22.592593,16.8245,18.856953,9.625076,27.551642,23.243064,0,L,0.569609,0.014880148,0.010425016,1.428,8,0.096111,0,0,0.166814,0.403778,0,0,0,0,0.187086,0,0
South Canol,Liard,Census,2022,Early-Winter,6,6,5,52,2,H.,6152-13310,131651,46551,61.8833,-133.2083,1,0,0,0,0,0,0,0,0,16.28269287,16.19575173,820,0,0,0,0,0.906743631,-0.042515486,46.047616,45.765895,18.088813,26.77653,21.6651,27.513959,46.27451,57.841242,62.310114,60.415401,62.404021,65.530575,0,L,319.1446,183.3349984,187.9272471,0,0,0.215949,0.075485,0.024492,0.180888,0.364818,0.119283,0.051754,0.058791,0.457666,0.267765,0.104297,0.036294
South Canol,Liard,Census,2022,Early-Winter,6,0,5,53,2,H?,6152-13305,131652,46550,61.8833,-133.125,0,0,0,0,0,0,0,0,0,16.28269298,16.19575189,820,0.569,0,0,0,0.226772966,-0.64440872,41.051293,40.824674,4.63664,12.942802,14.891737,16.338931,16.666667,43.157197,46.429361,46.926818,47.23082,47.391112,0,L?,151.4403,64.12852226,61.0090944,0,0,0.14877,0.09312,0.011112,0.046366,0.144349,0.079359,0.010006,0.015755,0.407586,0.129428,0.077646,0.008016
South Canol,Liard,Census,2022,Early-Winter,6,0,5,54,1,L?,6152-13300,131653,46549,61.8833,-133.0417,0,0,0,0,0,0,0,0,0,16.28269259,16.19575174,820,0.588,0,0,0,0.244942474,-0.6109359,37.418535,37.114769,6.448939,16.423519,16.16826,23.249129,33.067729,39.95913,44.664752,44.88015,50.386612,53.832984,1,H?,138.7075,68.2125142,67.17624958,2.568,11,0.162025,0.087257,0.010279,0.064489,0.167827,0.097314,0.02006,0.020391,0.370823,0.164235,0.091733,0.013428
South Canol,Liard,Census,2022,Early-Winter,6,0,5,55,2,L?,6152-13255,131654,46548,61.8833,-132.9583,0,0,0,0,0,0,0,0,0,16.28269322,16.19575186,819,0.44,0,0,0,0.215031675,-0.667497562,38.624426,38.453033,6.261398,19.049461,21.977111,30.734782,22.65625,40.377066,44.236192,47.398684,53.922707,50.273677,0,L,137.4409,64.72774869,63.17945925,2.474,11,0.219453,0.132744,0.010563,0.062614,0.181266,0.12976,0.013162,0.01543,0.384955,0.190495,0.133904,0.011946
South Canol,Liard,Census,2022,Early-Winter,6,0,5,56,2,L?,6152-13250,131655,46547,61.8833,-132.875,0,0,0,0,0,0,0,0,0,16.28269275,16.19575167,819,0.426,0,0,0,0.207608139,-0.682755626,16.250138,16.056618,3.287838,6.233077,9.55488,17.290572,26.254826,17.018688,19.014708,20.34723,24.925357,30.974234,0,L?,93.8299,44.00809743,41.18377693,0,0,0.095375,0.055479,0.013326,0.032878,0.102172,0.06316,0.017584,0.020735,0.160829,0.062331,0.034978,0.00846
South Canol,Liard,Census,2022,Early-Winter,6,0,5,57,2,L?,6152-13245,131656,46546,61.8833,-132.7917,0,0,0,0,0,0,0,0,0,16.28269271,16.19575175,1001,0.243,0,0,0,0.015658596,-1.805247189,4.390567,4.340863,6.645675,17.340625,14.395531,18.880655,20.676692,10.09002,20.174518,17.170155,21.522063,24.598222,0,L?,38.96676,16.27115899,15.4583672,0,0,0.143796,0.019501,0.004155,0.066457,0.18103,0.026461,0.005706,0.006537,0.043416,0.173406,0.019059,0.00277
South Canol,Liard,Census,2022,Early-Winter,6,0,5,58,2,L.,6152-13240,131657,46545,61.8833,-132.7083,0,0,0,0,0,0,0,0,0,16.28269283,16.19575181,1001,0.244,0,0,0,0.023065562,-1.637035967,2.979711,2.963127,2.479156,4.836839,3.801799,5.677868,3.703704,5.367903,7.711869,6.451435,8.14307,6.93239,0,L?,42.49326,9.315278096,8.439545604,0,0,0.038154,0.003644,0.001606,0.024792,0.084755,0.003975,0.00227,0.002879,0.029666,0.048368,0.000994,0.000554
South Canol,Liard,Census,2022,Early-Winter,6,0,5,59,2,H?,6152-13235,131658,46544,61.8833,-132.625,0,0,0,0,0,0,0,0,0,16.2826927,16.19575165,1001,0.285,0,0,1,0.082973056,-1.081062912,16.10753,15.953286,6.301659,8.060132,6.674777,20.82066,14.901961,21.054371,22.167135,21.054371,31.509943,27.741971,0,L?,80.51442,28.16791884,25.79540277,2,0,0.067011,0.018361,0.003162,0.063017,0.186443,0.048927,0.013648,0.014037,0.158142,0.080601,0.019915,0.005604
South Canol,Liard,Census,2022,Early-Winter,6,6,5,60,1,L?,6152-13230,131659,46543,61.8833,-132.5417,1,0,0,0,0,0,0,0,0,16.28269294,16.19575168,1001,0,0,0,1,0.150916809,-0.821262388,14.438444,14.405379,5.109368,8.788113,8.075288,16.454159,10.37037,15.788604,16.527058,16.868731,22.820456,20.649179,1,H?,48.52725,35.46860097,34.68645457,1.608,8,0.0807,0.057943,0.014314,0.051094,0.138422,0.089207,0.020218,0.023115,0.146211,0.087881,0.068769,0.017099
South Canol,Liard,Census,2022,Early-Winter,6,6,5,61,1,L.,6152-13225,131660,46542,61.8833,-132.4583,1,0,0,0,0,0,0,0,0,16.28269294,16.19575168,1001,0,0,0,1,1.92E-10,-9.716129134,0,0,0.89483,1.010826,0.59103,0.95559,0.392157,0.905877,1.021874,0.59103,0.95559,0.347989,1,H,0.624381,0.009852484,0.006519117,1.544,7,0.00591,0,0,0.008948,0.031485,0,0,0,0,0.010108,0,0
South Canol,Liard,Census,2022,Early-Winter,6,0,5,62,1,H.,6150-13325,132188,46014,61.85,-133.4583,0,0,0,0,0,0,0,0,0,16.30031254,16.20527957,820,0.643,0,0,0,0.27498199,-0.560695749,35.649196,35.444856,18.284674,29.26762,29.341945,43.739649,53.932584,49.218534,52.83592,51.184625,62.821008,69.636052,1,H,168.8945,113.5018827,118.6653695,1,0,0.293449,0.140626,0.003092,0.182847,0.350626,0.105414,0.002374,0.004858,0.355633,0.292676,0.121088,0.003478
South Canol,Liard,Census,2022,Early-Winter,6,6,5,63,1,H.,6150-13320,132189,46013,61.85,-133.375,1,0,0,0,0,0,0,0,0,16.30031267,16.20527963,820,0,0,0,0,0.602715562,-0.219887595,26.622517,26.622517,3.420456,23.893463,21.635942,21.713213,20.16129,26.644592,36.771523,33.763797,33.763797,34.310155,1,H,216.5027,105.2892535,111.4447072,2,0,0.216649,0.144065,0.10226,0.034205,0.084489,0.083052,0.058801,0.110196,0.266144,0.238935,0.138587,0.100138
South Canol,Liard,Census,2022,Early-Winter,6,6,5,64,1,H.,6150-13315,132190,46012,61.85,-133.2917,1,0,2,0,2,0,0,0,6,16.30031273,16.20527968,820,6,1,1,0,2.100557521,0.322334579,70.658947,70.515578,29.00464,41.653778,42.123288,54.021211,58.148148,71.282051,73.912324,73.388475,73.471188,73.438103,1,H,331.2791,425.608274,450.2650462,6,0,0.420294,0.391074,0.285028,0.290046,0.497735,0.485197,0.363039,0.39,0.702449,0.416538,0.382346,0.283425
South Canol,Liard,Census,2022,Early-Winter,6,6,5,65,1,H?,6150-13310,132191,46011,61.85,-133.2083,1,2,4,2,2,0,0,0,12,16.30031243,16.20527952,820,12,1,1,0,1.346419781,0.129180483,33.051597,33.051597,11.339694,21.377751,16.341854,21.846188,25.098039,34.001768,38.868633,36.482157,36.548448,36.736272,1,H?,169.135,175.9770002,182.3811248,9,0,0.164194,0.128289,0.039934,0.113397,0.221168,0.197672,0.069829,0.072863,0.332929,0.213778,0.155921,0.046939
South Canol,Liard,Census,2022,Early-Winter,6,0,5,66,1,H?,6150-13305,132192,46010,61.85,-133.125,0,0,0,0,0,0,0,0,0,16.3003127,16.20527956,820,2.583,0,0,0,0.759592733,-0.119419199,29.759868,29.759868,6.224665,20.456438,16.188004,18.115542,22.222222,30.449903,39.751587,36.671267,36.671267,36.643665,1,H?,148.2509,117.687316,118.4217217,0,0,0.161456,0.090532,0.029883,0.062247,0.152479,0.130935,0.054195,0.057527,0.298245,0.204564,0.10417,0.033983
South Canol,Liard,Census,2022,Early-Winter,6,0,5,67,2,L?,6150-13300,132193,46009,61.85,-133.0417,0,0,0,0,0,0,0,0,0,16.30031268,16.20527949,820,3.782,1,0,0,0.919124054,-0.036625868,49.712898,49.652164,8.304345,21.11424,21.332377,23.622916,27.45098,51.308525,57.558525,55.758613,56.454284,60.722173,0,L?,202.2372,128.633897,130.1986689,0,0,0.213229,0.1536,0.050961,0.083043,0.223676,0.176302,0.076583,0.08354,0.494973,0.211142,0.131467,0.04489
South Canol,Liard,Census,2022,Early-Winter,6,0,5,68,2,L?,6150-13255,132194,46008,61.85,-132.9583,0,0,0,0,0,0,0,0,0,16.3003125,16.20527951,820,0.316,0,0,0,0.025292174,-1.597013843,11.896875,11.830628,3.013079,8.194912,8.132281,15.386739,24.43609,14.127194,16.064922,16.401678,23.462515,30.170034,0,L?,49.71038,14.56030867,13.71725784,0,0,0.081011,0.037801,0.00166,0.030131,0.097732,0.033056,0.002158,0.00249,0.120254,0.081949,0.042216,0.001936
South Canol,Liard,Census,2022,Early-Winter,6,0,5,69,2,L?,6150-13250,132195,46007,61.85,-132.875,0,0,0,0,0,0,0,0,0,16.30031238,16.20527954,1001,0.642,0,0,0,0.304843569,-0.515922962,21.244896,21.123496,4.14296,7.451804,8.536114,14.649892,8.403361,21.934665,21.956738,22.591325,25.455248,21.796711,0,L?,106.6049,61.60249133,60.89388681,0,0,0.0854,0.072861,0.011789,0.04143,0.092858,0.076507,0.013449,0.01594,0.210061,0.074518,0.068055,0.01677
South Canol,Liard,Census,2022,Early-Winter,6,0,5,70,2,L?,6150-13245,132196,46006,61.85,-132.7917,0,0,0,0,0,0,0,0,0,16.3003128,16.20527955,1001,0.533,0,0,0,0.252452076,-0.597821054,41.172258,41.056575,4.505203,9.320345,14.096259,19.43416,13.80597,41.332011,41.502782,44.191043,45.33135,43.348207,0,L?,145.775,65.53720671,61.33148002,0,0,0.141133,0.112298,0.013671,0.045052,0.117556,0.112464,0.014834,0.022527,0.409529,0.093203,0.090436,0.010295
South Canol,Liard,Census,2022,Early-Winter,6,6,5,71,1,H?,6150-13240,132197,46005,61.85,-132.7083,1,0,0,0,0,0,0,0,0,16.30031274,16.20527967,1001,0,0,0,0,0.663538646,-0.178133778,53.329274,53.141086,7.997797,19.377582,23.828988,32.230446,22.053232,53.689046,55.714839,57.641003,60.126197,62.135385,1,H?,195.8844,119.9578124,116.8531861,4,0,0.23762,0.197026,0.045883,0.079978,0.189039,0.178904,0.043569,0.061085,0.531167,0.193776,0.169926,0.032828
South Canol,Liard,Census,2022,Early-Winter,6,0,5,72,1,H?,6150-13235,132198,46004,61.85,-132.625,0,0,0,0,0,0,0,0,0,16.30031297,16.20527967,1001,0.465,0,0,0,0.246404657,-0.608351088,33.766019,33.534026,4.249573,10.279447,9.093928,13.544031,10.687023,34.230004,36.251657,36.201944,37.533142,36.815068,1,H?,117.4481,51.49032747,47.69634421,3.18,12,0.091661,0.067409,0.006725,0.042496,0.116905,0.09607,0.008599,0.010694,0.33534,0.102794,0.078377,0.004906
South Canol,Liard,Census,2022,Early-Winter,6,6,5,73,1,H?,6150-13230,132199,46003,61.85,-132.5417,1,0,0,0,0,0,0,0,0,16.30031265,16.20527958,1001,0,0,0,0,0.905901263,-0.042919135,65.712091,65.542023,16.711215,30.409845,28.694643,43.937635,42.592593,67.352425,71.351767,70.243581,74.111257,80.749397,1,H?,207.0844,173.4353388,170.4329072,1.962,10,0.287894,0.24329,0.030738,0.167112,0.394253,0.332999,0.051064,0.055964,0.65643,0.304098,0.247244,0.032075
South Canol,Liard,Census,2022,Early-Winter,6,0,5,74,2,L?,6150-13225,132200,46002,61.85,-132.4583,0,0,0,0,0,0,0,0,0,16.30031265,16.20527958,1001,0.484,0,0,0,0.183844731,-0.735548812,8.854397,8.788113,4.98942,8.486468,8.055447,13.666982,13.72549,11.334512,13.063411,12.389527,16.780822,16.709015,0,L?,35.79139,34.23469754,34.21028075,1.622,8,0.080577,0.045272,0.016384,0.049894,0.146564,0.055853,0.016048,0.018741,0.090844,0.084865,0.042711,0.011559
South Canol,Liard,Census,2022,Early-Winter,6,6,5,75,2,L.,6150-13220,132201,46001,61.85,-132.375,1,0,0,0,0,0,0,0,0,16.30031297,16.20527967,1001,0,0,0,1,1.90E-09,-8.720861191,0,0,3.754832,4.113749,0.514751,2.856036,4.814815,3.756076,4.115113,0.513699,2.850199,4.667477,0,L,1.162004,0.030673745,0.021390915,0,0,0.005135,0,0,0.037548,0.115185,0,0,0,0,0.041137,0,0
South Canol,Liard,Census,2022,Early-Winter,6,0,5,76,2,H?,6148-13325,132728,45474,61.8167,-133.4583,0,0,0,0,0,0,0,0,0,16.31792717,16.21480536,820,0.467,0,0,0,0.223534052,-0.650656309,36.835722,36.708931,4.076567,9.118491,9.78111,16.287148,27.843137,38.544653,39.961411,40.47409,45.330761,55.656009,0,L,144.2279,63.82080632,62.56041401,6,0,0.09786,0.062776,0.011864,0.040766,0.104865,0.067023,0.017106,0.019976,0.3669,0.091185,0.061838,0.008553
South Canol,Liard,Census,2022,Early-Winter,6,6,5,77,1,H.,6148-13320,132729,45473,61.8167,-133.375,1,0,0,0,0,0,0,0,0,16.31792703,16.21480534,820,0,0,0,0,1.035672798,0.01522257,47.414838,47.337669,14.069049,29.086698,28.937203,33.622117,26.119403,48.45662,55.418366,52.645794,52.877301,50.176386,1,H?,214.7673,172.7599357,174.4418073,1.974,9,0.289212,0.242279,0.140966,0.14069,0.29026,0.262795,0.16435,0.191816,0.474288,0.290867,0.209629,0.123318
South Canol,Liard,Census,2022,Early-Winter,6,6,5,78,2,H?,6148-13315,132730,45472,61.8167,-133.2917,1,0,0,0,0,0,0,0,0,16.31792709,16.21480532,820,0,0,0,0,1.189170476,0.075244118,31.444181,31.444181,6.781343,34.673062,23.447667,24.611228,15.47619,32.034656,43.468903,39.423873,39.501131,34.247558,0,L?,221.1444,162.1061213,167.5734955,1.308,7,0.234701,0.153545,0.086619,0.067813,0.145661,0.123828,0.073882,0.104427,0.314182,0.346731,0.22599,0.151128
South Canol,Liard,Census,2022,Early-Winter,6,6,5,79,2,H?,6148-13310,132731,45471,61.8167,-133.2083,1,0,2,2,0,0,0,0,4,16.3179272,16.21480532,820,4,1,0,0,1.306171002,0.116000038,29.992286,29.992286,8.766413,30.983118,31.744019,32.311763,14.393939,30.278819,43.404232,39.783998,39.783998,32.995371,0,L?,189.0592,173.7075823,179.8439909,0.7,4.05,0.317445,0.217257,0.123248,0.087664,0.179356,0.167053,0.09936,0.135496,0.300154,0.309831,0.17588,0.093291
South Canol,Liard,Census,2022,Early-Winter,6,6,5,80,2,H?,6148-13305,132732,45470,61.8167,-133.125,1,0,1,2,0,0,0,0,3,16.31792719,16.21480542,820,3,0,0,0,1.042411616,0.018039242,57.298847,57.22164,8.999669,29.089004,30.639285,32.687424,32.592593,58.043346,64.964429,64.302653,64.572878,65.67584,0,L?,277.7228,161.4774667,167.0847611,0,0,0.307434,0.236903,0.134782,0.089997,0.209882,0.195489,0.135664,0.177797,0.569768,0.29089,0.212253,0.119451
South Canol,Liard,Census,2022,Early-Winter,6,0,5,81,2,L?,6148-13300,132733,45469,61.8167,-133.0417,0,0,0,0,0,0,0,0,0,16.31792691,16.21480544,820,0.448,0,0,0,0.156931853,-0.804288897,30.723822,30.668653,7.782681,20.915609,19.725453,21.930647,25.882353,34.552576,39.887454,38.215823,39.550921,43.070727,0,L?,98.06171,52.90724758,54.59534478,5.338,25,0.195974,0.123056,0.008113,0.077827,0.211418,0.104688,0.0101,0.013302,0.307238,0.209156,0.118753,0.006016
South Canol,Liard,Census,2022,Early-Winter,6,0,5,82,1,L?,6148-13255,132734,45468,61.8167,-132.9583,0,0,0,0,0,0,0,0,0,16.31792737,16.21480556,1002,0.277,0,0,0,0.099483777,-1.002247737,21.242695,21.165509,2.590816,4.10672,4.758229,7.388212,5.555556,22.510751,23.497629,23.624435,25.642298,25.272908,1,H?,88.20826,31.84480943,29.87196755,0,0,0.047572,0.025908,0.006133,0.025908,0.086379,0.039358,0.012928,0.013481,0.210849,0.041067,0.019404,0.006022
South Canol,Liard,Census,2022,Early-Winter,6,0,5,83,2,L?,6148-13250,132735,45467,61.8167,-132.875,0,0,0,0,0,0,0,0,0,16.31792697,16.2148054,1001,0.496,0,0,0,0.220821681,-0.655958289,43.513469,43.408803,1.741392,4.969752,4.343267,5.998896,8.235294,44.152482,44.780477,44.273674,45.441525,48.967113,0,L?,115.083,41.26719693,40.08283188,1,0,0.043848,0.035178,0.000773,0.017414,0.065585,0.043874,0.000566,0.001244,0.435429,0.049698,0.035846,0.00147
South Canol,Liard,Census,2022,Early-Winter,6,6,5,84,2,H?,6148-13245,132736,45466,61.8167,-132.7917,1,0,0,0,1,0,0,0,2,16.31792714,16.21480525,1001,2,0,0,0,0.537016224,-0.270012593,64.916639,64.73998,8.971252,20.14539,23.432325,30.956061,57.874016,65.656398,68.637518,68.902506,71.45854,80.617202,0,L?,207.0592,108.9488579,106.7459168,10,0,0.234132,0.19444,0.018443,0.089713,0.243144,0.21346,0.024729,0.032164,0.646478,0.201454,0.161692,0.015146
South Canol,Liard,Census,2022,Early-Winter,6,0,5,85,2,L?,6148-13240,132737,45465,61.8167,-132.7083,0,0,0,0,0,0,0,0,0,16.31792698,16.21480532,1001,0.413,0,0,0,0.167752408,-0.775331237,47.604362,47.417116,5.829696,16.914406,17.367147,23.396413,25.630252,48.716819,52.637956,51.993612,54.372728,57.858795,0,L?,126.8932,55.96197388,54.33195974,5,0,0.17362,0.130408,0.008731,0.058297,0.170857,0.129248,0.014146,0.016798,0.472695,0.169144,0.119081,0.005692
South Canol,Liard,Census,2022,Early-Winter,6,0,5,86,1,L?,6148-13235,132738,45464,61.8167,-132.625,0,0,0,0,0,0,0,0,0,16.31792692,16.21480549,1001,0.335,0,0,0,0.088652875,-1.052307174,26.54662,26.353292,1.829168,6.520187,7.534247,13.201502,13.962264,27.540875,28.253425,28.662174,32.020548,35.152452,1,H?,92.16654,31.82650029,29.80085985,0,0,0.075144,0.054491,0.006318,0.018292,0.062675,0.030816,0.005219,0.008461,0.266931,0.065202,0.047569,0.004505
South Canol,Liard,Census,2022,Early-Winter,6,0,5,87,1,L?,6148-13230,132739,45463,61.8167,-132.5417,0,0,0,0,0,0,0,0,0,16.31792711,16.21480528,1001,2.001,0,0,0,0.63878467,-0.194645515,61.795041,61.674347,10.7464,30.74971,29.019866,37.037647,43.333333,62.393022,67.24819,66.101602,68.060127,72.306342,1,H?,189.1032,130.0204756,127.789454,0,0,0.291499,0.2472,0.026204,0.107464,0.275004,0.250124,0.034865,0.040271,0.617156,0.307497,0.250565,0.028686
South Canol,Liard,Census,2022,Early-Winter,6,0,5,88,1,L?,6148-13225,132740,45462,61.8167,-132.4583,0,0,0,0,0,0,0,0,0,16.31792711,16.21480528,1001,2.362,0,0,0,0.685234739,-0.164160628,47.055899,46.840477,9.970172,19.365886,18.398807,27.100945,24.705882,49.442112,51.469289,51.651569,55.75011,54.280822,1,H?,183.5409,111.7283647,107.8119616,0,0,0.183937,0.139859,0.031818,0.099702,0.246852,0.17985,0.039386,0.049384,0.469004,0.193659,0.14947,0.031763
South Canol,Liard,Census,2022,Early-Winter,6,0,5,89,1,H?,6148-13220,132741,45461,61.8167,-132.375,0,0,0,0,0,0,0,0,0,16.31792692,16.21480549,1001,0.436,0,0,0,0.167172162,-0.776836041,26.712555,26.514317,5.255651,12.700241,14.31405,17.212121,14.339623,28.226872,29.911894,31.470264,33.265419,33.612335,1,H,81.84077,40.7729457,38.4058835,3,0,0.142528,0.096664,0.013529,0.052557,0.153939,0.097981,0.015839,0.020569,0.265466,0.127002,0.096116,0.017104
South Canol,Liard,Census,2022,Early-Winter,6,0,5,90,1,L.,6148-13215,132742,45460,61.8167,-132.2917,0,0,0,0,0,0,0,0,0,16.31792698,16.21480532,1001,0.182,0,0,1,0.000192675,-3.715174429,0.639965,0.634448,6.896552,7.239169,1.931118,5.100132,5.882353,7.723712,8.142999,2.725367,5.958292,7.414763,1,H?,3.412385,0.284783298,0.232558929,9,0,0.019397,0,0,0.068966,0.157935,0.000221,0,0,0.006837,0.072392,0,0
South Canol,Liard,Census,2022,Early-Winter,6,0,5,91,1,H?,6146-13325,133268,44934,61.7833,-133.4583,0,0,0,0,0,0,0,0,0,16.335535,16.22432875,820,1.253,0,0,0,0.43558486,-0.360927224,41.215658,41.14959,5.618349,21.596736,18.060072,21.003031,40.926641,42.537026,46.825965,44.805374,45.752354,53.212575,1,H?,148.6682,78.33195327,78.72770688,7,0,0.179954,0.145441,0.032585,0.056183,0.165683,0.126757,0.039314,0.048357,0.410763,0.215967,0.158571,0.036998
South Canol,Liard,Census,2022,Early-Winter,6,0,5,92,2,L.,6146-13320,133269,44933,61.7833,-133.375,0,0,0,0,0,0,0,0,0,16.33553453,16.22432854,820,0.427,0,0,0,0.229289427,-0.639615971,26.529263,26.529263,1.315567,6.442324,6.540666,6.810668,0.740741,26.534774,27.322826,27.234652,27.234652,26.992175,0,L,126.4909,54.22940066,55.42542218,2,0,0.065408,0.058085,0.026758,0.013156,0.045283,0.044831,0.021851,0.031562,0.266546,0.064423,0.056067,0.028513
South Canol,Liard,Census,2022,Early-Winter,6,0,5,93,2,L?,6146-13315,133270,44932,61.7833,-133.2917,0,0,0,0,0,0,0,0,0,16.33553495,16.22432866,820,4.72,1,1,0,1.086472549,0.036018758,49.622943,49.600925,5.202535,21.697437,21.871558,24.250936,29.149798,50.173391,56.531073,55.000826,55.198987,54.010018,0,L?,290.1303,133.0497051,135.583052,0,0,0.21951,0.166327,0.107706,0.052025,0.154312,0.136511,0.104895,0.140889,0.495041,0.216974,0.14825,0.101532
South Canol,Liard,Census,2022,Early-Winter,6,0,5,94,1,H?,6146-13310,133271,44931,61.7833,-133.2083,0,0,0,0,0,0,0,0,0,16.33553473,16.22432871,820,1.339,0,0,0,0.510282458,-0.292189361,53.743109,53.495039,12.376074,30.436219,27.197137,34.388767,52.631579,60.518192,69.145535,65.871003,69.316428,74.647189,1,H?,196.9678,111.7822069,111.9797443,0,0,0.271536,0.149317,0.009817,0.123761,0.292135,0.156257,0.02206,0.024322,0.535762,0.304362,0.151685,0.009762
South Canol,Liard,Census,2022,Early-Winter,6,0,5,95,1,H?,6146-13305,133272,44930,61.7833,-133.125,0,0,0,0,0,0,0,0,0,16.33553498,16.22432878,820,0.346,0,0,0,0.136691699,-0.86425786,28.467635,28.313518,12.692901,27.000661,23.573201,27.19603,39.08046,36.564289,41.028181,37.835755,40.813518,49.234919,1,H?,106.2249,62.44965203,65.08193065,2.28,9,0.23534,0.142802,0.000499,0.126929,0.300485,0.11789,0.000998,0.001054,0.283654,0.270007,0.142471,0.000444
South Canol,Liard,Census,2022,Early-Winter,6,0,5,96,2,L?,6146-13300,133273,44929,61.7833,-133.0417,0,0,0,0,0,0,0,0,0,16.33553493,16.22432868,1002,0.615,0,0,0,0.262936252,-0.580149532,34.530235,34.414583,8.230951,12.90838,8.384751,12.742398,14.393939,39.618901,41.529904,39.398612,41.243529,41.353673,0,L?,118.4789,66.14914044,66.55426331,8,0,0.084183,0.036196,0.003551,0.08231,0.191615,0.089527,0.019695,0.01975,0.341943,0.129084,0.061484,0.008433
South Canol,Liard,Census,2022,Early-Winter,6,0,5,97,1,H?,6146-13255,133274,44928,61.7833,-132.9583,0,0,0,0,0,0,0,0,0,16.33553514,16.22432871,1002,0.351,0,0,0,0.159431504,-0.797425856,27.65477,27.638246,4.129452,21.83813,18.291944,19.16194,14.814815,28.838951,39.683851,35.938533,35.966072,33.807006,1,H?,86.66081,45.16600052,44.62687271,1.252,6.05,0.183517,0.099559,0.012624,0.041295,0.110321,0.077462,0.017532,0.019352,0.276725,0.218381,0.096317,0.011633
South Canol,Liard,Census,2022,Early-Winter,6,0,5,98,1,H?,6146-13250,133275,44927,61.7833,-132.875,0,0,0,0,0,0,0,0,0,16.33553466,16.22432857,1002,0.403,0,0,0,0.21663764,-0.664266084,35.449735,35.212743,6.632541,13.154998,14.953941,19.587401,25.882353,36.970899,37.985009,39.015653,41.914683,52.89903,1,H?,119.7589,57.63417271,55.89629852,0,0,0.148943,0.115863,0.008208,0.066325,0.167768,0.120762,0.011017,0.013441,0.352355,0.13155,0.108212,0.006555
South Canol,Liard,Census,2022,Early-Winter,6,6,5,99,1,H?,6146-13245,133276,44926,61.7833,-132.7917,1,0,0,0,0,0,0,0,0,16.33553504,16.22432886,1001,0,0,0,0,0.280567635,-0.551962428,34.376547,34.294043,7.626266,24.669663,17.740517,19.626168,32.962963,35.586601,39.915296,37.429184,38.133216,45.34404,1,H?,114.6411,63.61026953,63.92753858,3,0,0.177486,0.147151,0.01335,0.076263,0.195117,0.154068,0.020998,0.022675,0.344358,0.246697,0.180562,0.019053
South Canol,Liard,Census,2022,Early-Winter,6,0,5,100,2,L?,6146-13240,133277,44925,61.7833,-132.7083,0,0,0,0,0,0,0,0,0,16.33553447,16.22432857,1001,1.296,0,0,1,0.47200573,-0.32605273,28.781188,28.781188,7.0574,26.172873,15.96226,16.348488,16.470588,29.493266,38.871716,33.467653,33.467653,35.062928,0,L?,102.2477,75.03674755,76.35134983,0,0,0.16037,0.108343,0.010614,0.070574,0.181598,0.148531,0.027085,0.028698,0.286454,0.261729,0.132948,0.010552
South Canol,Liard,Census,2022,Early-Winter,6,0,5,101,2,L?,6146-13235,133278,44924,61.7833,-132.625,0,0,0,0,0,0,0,0,0,16.33553493,16.22432871,1001,0.541,0,0,0,0.23934986,-0.620966823,41.331278,41.155096,6.379806,21.536677,23.657986,26.620052,7.782101,43.071079,46.693828,48.549248,50.063316,46.825965,0,L?,119.3465,53.22794942,52.22380448,3.202,12.1,0.23608,0.166262,0.01205,0.063798,0.182667,0.126878,0.012326,0.016692,0.411195,0.215367,0.162064,0.020175
South Canol,Liard,Census,2022,Early-Winter,6,0,5,102,2,L?,6146-13230,133279,44923,61.7833,-132.5417,0,0,0,0,0,0,0,0,0,16.33553488,16.22432868,1001,2.066,0,0,0,0.671455882,-0.172982517,67.390827,67.127496,7.707922,20.786702,18.466096,27.249287,37.698413,68.076585,70.166776,69.272548,72.130788,77.386438,0,L?,223.5005,121.9390351,119.4545531,2.516,10,0.184661,0.165679,0.025346,0.077079,0.211159,0.186417,0.040158,0.04526,0.670901,0.207867,0.180601,0.024797
South Canol,Liard,Census,2022,Early-Winter,6,6,5,103,1,H?,6146-13225,133280,44922,61.7833,-132.4583,1,0,0,0,0,0,0,0,0,16.33553488,16.22432868,1001,0,0,0,0,0.788609227,-0.103138146,65.720283,65.515908,8.221061,22.436074,20.172338,28.629032,65.966387,66.449403,69.028944,69.85749,71.580866,85.378922,1,H?,250.0678,135.24681,130.2179738,0,0,0.20253,0.163651,0.033436,0.082211,0.207149,0.184273,0.04361,0.060163,0.65564,0.224361,0.191641,0.036791
South Canol,Liard,Census,2022,Early-Winter,6,0,5,104,1,H?,6146-13220,133281,44921,61.7833,-132.375,0,0,0,0,0,0,0,0,0,16.33553465,16.22432861,1001,3.382,1,1,0,0.898401098,-0.046529726,65.020599,64.927218,12.310575,35.548576,33.88194,40.580426,59.533074,66.349904,75.457292,72.633892,74.177424,84.147212,1,H?,230.4646,162.3281012,159.7058022,3,0,0.338623,0.264231,0.055497,0.123106,0.319557,0.275252,0.064205,0.080849,0.648871,0.355486,0.252604,0.048994
South Canol,Liard,Census,2022,Early-Winter,6,0,5,105,1,H?,6146-13215,133282,44920,61.7833,-132.2917,0,0,0,0,0,0,0,0,0,16.33553475,16.22432867,1001,0.309,0,0,0,0.08568168,-1.067112028,23.765875,23.622308,3.446757,9.002313,7.96881,11.679478,14.901961,24.947543,27.178355,26.416345,29.387079,33.854224,1,H?,70.53911,27.30634088,26.23316555,2,0,0.079341,0.053078,0.004357,0.034468,0.108633,0.06899,0.006067,0.007445,0.239139,0.090023,0.05539,0.004522
South Canol,Liard,Census,2022,Early-Winter,6,0,5,106,2,L?,6144-13320,133809,44393,61.75,-133.375,0,0,0,0,0,0,0,0,0,16.35313728,16.23385005,820,1.334,0,0,0,0.478273141,-0.320324007,26.851546,26.81303,2.516957,17.125399,16.654749,17.914306,13.584906,27.346759,34.037636,32.491471,32.678552,31.468031,0,L?,155.622,73.0735628,75.11838093,2.072,9,0.166685,0.109361,0.04543,0.02517,0.083132,0.068333,0.024329,0.053366,0.268094,0.171254,0.095465,0.039352
South Canol,Liard,Census,2022,Early-Winter,6,0,5,107,2,L.,6144-13315,133810,44392,61.75,-133.2917,0,0,0,0,0,0,0,0,0,16.35313758,16.23385021,820,2.135,0,0,0,0.658800909,-0.18124581,35.693443,35.693443,4.460185,23.391069,24.332655,24.332655,21.538462,35.919176,41.243187,39.492375,39.492375,38.848208,0,L?,226.8225,104.2367985,106.1642232,2,0,0.243799,0.205797,0.168152,0.044602,0.120525,0.113165,0.092871,0.187569,0.35688,0.233911,0.179016,0.14855
South Canol,Liard,Census,2022,Early-Winter,6,0,5,108,2,H?,6144-13310,133811,44391,61.75,-133.2083,0,0,0,0,0,0,0,0,0,16.35313755,16.2338502,820,1.305,0,0,0,0.513447789,-0.289503712,41.31954,41.259011,7.535227,35.964333,36.047601,37.656327,51.550388,46.090354,57.101194,54.630496,55.362351,64.337204,0,L?,164.4325,88.31461071,89.27093745,1.94,7.05,0.360689,0.228589,0.046345,0.075352,0.178666,0.094122,0.039795,0.061262,0.412024,0.359643,0.201343,0.036933
South Canol,Liard,Census,2022,Early-Winter,6,0,5,109,1,H?,6144-13305,133812,44390,61.75,-133.125,0,0,0,0,0,0,0,0,0,16.35313754,16.23385015,820,0.589,0,0,0,0.258335729,-0.587815525,26.094128,25.951177,17.500688,26.600606,19.162039,30.5273,55.294118,41.67583,46.002859,38.992742,48.91137,70.040686,1,H?,148.1004,66.93961358,65.93131281,0,0,0.191027,0.061822,0.004025,0.175007,0.392843,0.049491,0.001957,0.004919,0.260193,0.266006,0.066612,0.002627
South Canol,Liard,Census,2022,Early-Winter,6,6,5,110,1,H?,6144-13300,133813,44389,61.75,-133.0417,1,0,0,0,0,0,0,0,0,16.35313722,16.23384993,1002,0,0,0,1,0.239432285,-0.620817289,38.645616,38.557597,12.537856,29.392655,24.797576,32.057284,53.703704,44.757399,51.105732,47.871053,51.842887,73.269887,1,H?,128.0636,78.07773485,79.54591817,0.802,4,0.24905,0.15682,0.005581,0.125379,0.278949,0.138594,0.008951,0.009504,0.384036,0.293927,0.168988,0.005249
South Canol,Liard,Census,2022,Early-Winter,6,6,5,111,1,H?,6144-13255,133814,44388,61.75,-132.9583,1,0,1,0,0,0,0,0,1,16.35313766,16.23385026,1002,1,0,0,1,0.979363512,-0.00905608,41.222717,41.123756,14.527938,33.845307,32.753687,36.75985,26.666667,43.410853,53.11452,50.574523,51.250756,49.024135,1,H?,164.4376,175.9792535,186.8771904,2.368,10,0.326562,0.230333,0.047674,0.145279,0.290669,0.235398,0.073438,0.07597,0.410771,0.338453,0.215579,0.047399
South Canol,Liard,Census,2022,Early-Winter,6,0,5,112,1,H.,6144-13250,133815,44387,61.75,-132.875,0,0,0,0,0,0,0,0,0,16.35313725,16.23385004,1002,1.522,0,0,0,0.59722168,-0.223864435,43.121285,43.077262,8.773386,23.818222,21.386934,23.196216,23.137255,45.228924,51.997579,49.658816,50.05503,51.331719,1,H?,157.4493,102.4704279,103.6252446,1.312,6,0.213834,0.147196,0.025092,0.087734,0.216816,0.161574,0.043673,0.046496,0.430444,0.238182,0.146297,0.024743
South Canol,Liard,Census,2022,Early-Winter,6,0,5,113,1,H?,6144-13245,133816,44386,61.75,-132.7917,0,0,0,0,0,0,0,0,0,16.35313757,16.23385016,1001,0.521,0,0,1,0.274250534,-0.561852518,43.239817,42.958717,6.701427,15.86169,14.99422,20.614301,18.888889,44.772088,47.858678,47.908284,51.099598,51.038968,1,H?,130.0282,66.53811783,67.84525154,0,0,0.150211,0.104714,0.011032,0.067014,0.172009,0.118551,0.019375,0.020638,0.431094,0.158617,0.112569,0.010923
South Canol,Liard,Census,2022,Early-Winter,6,0,5,114,1,H?,6144-13240,133817,44385,61.75,-132.7083,0,0,0,0,0,0,0,0,0,16.35313763,16.23385012,1001,0.627,0,0,0,0.288835582,-0.539349306,27.402605,27.347656,6.519637,20.253776,15.214873,17.802174,12.54902,28.842244,33.084235,31.688554,32.534755,33.705149,1,H,119.2211,75.07182915,78.09362033,1.64,8,0.151234,0.107835,0.010988,0.065196,0.146344,0.110453,0.025136,0.027492,0.274084,0.202538,0.138912,0.021813
South Canol,Liard,Census,2022,Early-Winter,6,0,5,115,1,H?,6144-13235,133818,44384,61.75,-132.625,0,0,0,0,0,0,0,0,0,16.35313791,16.23385033,1001,1.04,0,0,0,0.389997456,-0.408938226,48.939803,48.868205,8.468168,22.963581,21.423085,24.451393,31.111111,49.754915,55.014595,52.844633,53.676268,59.101173,1,H?,142.1583,85.8276952,86.06297093,1.504,8,0.214816,0.173317,0.01817,0.084682,0.222408,0.196608,0.028702,0.032373,0.488766,0.229636,0.165694,0.016131
South Canol,Liard,Census,2022,Early-Winter,6,0,5,116,1,H?,6144-13230,133819,44383,61.75,-132.5417,0,0,0,0,0,0,0,0,0,16.35313754,16.23385019,1001,4.061,1,1,0,1.024970557,0.01071139,50.433399,50.290761,12.425906,30.729967,26.667764,37.266842,61.851852,52.166996,59.836515,57.773755,61.383586,76.283739,1,H?,222.7308,171.8837559,177.6893927,1.47,7.05,0.266678,0.194262,0.034441,0.124259,0.296762,0.246158,0.061249,0.068526,0.503363,0.3073,0.214874,0.048625
South Canol,Liard,Census,2022,Early-Winter,6,0,5,117,1,H?,6144-13225,133820,44382,61.75,-132.4583,0,0,0,0,0,0,0,0,0,16.35313754,16.23385019,1001,2.068,0,0,0,0.637850772,-0.195280915,50.53027,50.46951,8.689928,32.713408,25.209898,28.501989,60.784314,52.076889,64.267565,59.119532,59.666372,76.242819,1,H?,175.7099,110.1155019,113.8686401,0,0,0.252743,0.16524,0.015856,0.086899,0.228495,0.170946,0.035716,0.038185,0.505212,0.327134,0.188227,0.032699
South Canol,Liard,Census,2022,Early-Winter,6,0,5,118,1,L?,6144-13220,133821,44381,61.75,-132.375,0,0,0,0,0,0,0,0,0,16.35313764,16.23385023,1001,1.047,0,0,0,0.429784721,-0.366749028,47.485818,47.293055,7.013674,16.370754,16.101602,27.737547,50,48.868205,51.269483,51.605441,57.2892,72.456904,1,H?,163.7539,90.15276905,86.93479368,3,0,0.159517,0.120037,0.019134,0.070137,0.190285,0.144464,0.031707,0.038655,0.471791,0.163708,0.126875,0.022994
South Canol,Liard,Census,2022,Early-Winter,6,0,5,119,2,L?,6144-13215,133822,44380,61.75,-132.2917,0,0,0,0,0,0,0,0,0,16.3531379,16.23385022,1001,1.726,0,0,0,0.63477548,-0.197379857,66.842221,66.672153,9.182099,23.407187,18.139305,22.74978,32.156863,67.48409,71.373711,69.804696,70.682467,77.002414,0,L,210.1767,115.3529426,114.0195996,1.102,5.05,0.181658,0.152998,0.008323,0.091821,0.238426,0.219797,0.020504,0.022819,0.666245,0.234072,0.189815,0.014551
South Canol,Liard,Census,2022,Early-Winter,6,0,5,120,2,L?,6144-13210,133823,44379,61.75,-132.2083,0,0,0,0,0,0,0,0,0,16.35313729,16.23385006,1001,0.286,0,0,0,0.113867018,-0.943602053,33.795837,33.636163,6.190659,14.137534,13.531807,19.684129,8.888889,37.556437,39.373417,39.120141,44.3123,39.819403,0,L?,86.26095,33.94185454,32.60597136,0,0,0.136052,0.085012,0.003324,0.061907,0.177542,0.080018,0.004265,0.005982,0.338403,0.141375,0.086988,0.005151
South Canol,Liard,Census,2022,Early-Winter,6,6,5,121,1,H?,6142-13320,134349,43853,61.7167,-133.375,1,0,0,0,1,0,0,0,2,16.37073352,16.24336906,820,2,0,0,1,1.173495962,0.0694816,63.416108,63.267773,5.722925,19.835074,23.336633,25.211701,22.352941,65.443358,71.239424,69.728601,70.338424,69.442918,1,H?,325.1079,138.4326134,138.1378848,1.92,9,0.234524,0.172677,0.095217,0.057229,0.183837,0.127598,0.081089,0.119626,0.633126,0.198351,0.12177,0.066795
South Canol,Liard,Census,2022,Early-Winter,6,6,5,122,2,L?,6142-13315,134350,43852,61.7167,-133.2917,1,0,0,0,1,0,0,0,2,16.37073337,16.24336915,820,2,1,0,0,0.53770833,-0.269453235,27.50055,27.50055,2.234513,12.439159,15.097037,15.212491,12.962963,27.53902,31.864146,31.737745,31.737745,31.424489,0,L?,177.4664,78.96848456,80.1926779,1.538,7,0.151028,0.109504,0.084594,0.022345,0.065431,0.062887,0.054483,0.096963,0.275246,0.124392,0.079369,0.056308
South Canol,Liard,Census,2022,Early-Winter,6,0,5,123,1,H?,6142-13310,134351,43851,61.7167,-133.2083,0,0,0,0,0,0,0,0,0,16.37073362,16.2433691,820,2.241,0,0,0,0.704078172,-0.15237912,53.710519,53.58418,7.129497,13.42832,15.630326,18.060366,20.149254,54.710244,56.424059,56.40758,56.912936,60.60423,1,H?,238.0495,127.3525876,125.1755233,1.018,6,0.155078,0.130102,0.089614,0.071295,0.190615,0.161679,0.114589,0.131643,0.534476,0.134283,0.106997,0.074541
South Canol,Liard,Census,2022,Early-Winter,6,0,5,124,1,H?,6142-13305,134352,43850,61.7167,-133.125,0,0,0,0,0,0,0,0,0,16.37073393,16.24336931,820,0.676,0,0,0,0.327824096,-0.484359128,36.330144,36.225668,10.218096,29.984069,26.017913,33.930436,41.563786,42.840647,50.808314,47.003189,52.007038,53.931596,1,H?,149.0877,76.76492519,75.92145945,1.868,9,0.260397,0.152777,0.009631,0.102181,0.259518,0.112124,0.013759,0.01596,0.364611,0.299841,0.155579,0.0082
South Canol,Liard,Census,2022,Early-Winter,6,0,5,125,1,H?,6142-13300,134353,43849,61.7167,-133.0417,0,0,0,0,0,0,0,0,0,16.37073358,16.24336918,1002,1.881,0,0,0,0.631854105,-0.199383189,38.173225,38.057815,12.267106,30.0687,26.686459,33.762164,44.814815,44.097604,52.236755,49.236096,52.412618,63.041328,1,H?,171.0861,112.2486222,117.3881547,0.864,5,0.267271,0.157626,0.017641,0.122671,0.279747,0.144435,0.024487,0.030942,0.37881,0.300687,0.160264,0.019144
South Canol,Liard,Census,2022,Early-Winter,6,6,5,126,1,H?,6142-13255,134354,43848,61.7167,-132.9583,1,0,5,9,1,0,0,0,16,16.37073391,16.24336931,1002,16,1,1,1,1.455902131,0.163132182,53.0702,53.031719,15.108349,35.727643,28.667327,35.429735,48.638132,54.120169,65.301523,59.771315,59.886757,67.077126,1,H?,258.9138,234.8136387,244.088457,0.634,4,0.286602,0.221538,0.104939,0.151083,0.318942,0.292267,0.162908,0.173688,0.53178,0.357276,0.235013,0.110494
South Canol,Liard,Census,2022,Early-Winter,6,0,5,127,1,H.,6142-13250,134355,43847,61.7167,-132.875,0,0,0,0,0,0,0,0,0,16.37073333,16.243369,1002,0.937,0,0,0,0.389033045,-0.410013508,32.602725,32.459899,9.36521,28.942017,24.622315,28.462341,35.820896,37.403867,48.643155,44.363876,46.193144,54.224346,1,H,140.7001,88.05264765,89.35861487,11,0,0.245452,0.122616,0.01403,0.093652,0.227535,0.122726,0.021458,0.023824,0.323386,0.28942,0.122341,0.013535
South Canol,Liard,Census,2022,Early-Winter,6,0,5,128,1,H.,6142-13245,134356,43846,61.7167,-132.7917,0,0,0,0,0,0,0,0,0,16.37073359,16.24336916,1001,0.732,0,0,0,0.352238737,-0.453162885,38.077177,38.066183,6.22866,28.582443,24.524569,25.354512,43.703704,38.720317,50.104442,45.283641,45.316623,54.80431,1,H,139.7878,77.71489044,80.05054832,0,0,0.245842,0.169347,0.044223,0.062287,0.165822,0.145446,0.041414,0.052153,0.378755,0.285824,0.160095,0.039377
South Canol,Liard,Census,2022,Early-Winter,6,6,5,129,1,H.,6142-13240,134357,43845,61.7167,-132.7083,1,2,10,2,1,0,0,0,16,16.37073354,16.24336907,1001,16,1,1,0,1.453750731,0.162489946,54.707044,54.526004,21.190123,37.898037,33.813583,42.17212,44.705882,59.973667,67.577354,63.907176,65.245776,65.865701,1,H,252.8817,268.9816123,288.9248359,0,0,0.338228,0.247594,0.11413,0.211901,0.386845,0.298136,0.148507,0.167813,0.548731,0.37898,0.251169,0.133161
South Canol,Liard,Census,2022,Early-Winter,6,0,5,130,1,H.,6142-13235,134358,43844,61.7167,-132.625,0,0,0,0,0,0,0,0,0,16.37073358,16.24336925,1001,3.033,0,0,0,0.809381031,-0.091846978,39.422283,39.372765,9.093554,37.444729,34.721002,36.829965,31.481481,41.287483,55.372765,52.022008,52.946355,50.123796,1,H,192.3758,130.1731785,137.4380769,3,0,0.347138,0.220861,0.09855,0.090936,0.222946,0.178438,0.081462,0.121669,0.390857,0.374447,0.205667,0.092634
South Canol,Liard,Census,2022,Early-Winter,6,0,5,131,1,H.,6142-13230,134359,43843,61.7167,-132.5417,0,0,0,0,0,0,0,0,0,16.37073338,16.24336909,1001,1.213,0,0,0,0.466141942,-0.331481819,46.484224,46.346567,9.168479,22.229658,17.933948,24.319728,28.888889,47.811244,54.193051,53.675458,55.977094,62.287319,1,H,188.4842,106.0093662,105.7201989,2,0,0.179339,0.110599,0.009107,0.091685,0.225965,0.18453,0.030894,0.033181,0.465516,0.222297,0.145948,0.0203
South Canol,Liard,Census,2022,Early-Winter,6,0,5,132,1,H.,6142-13225,134360,43842,61.7167,-132.4583,0,0,0,0,0,0,0,0,0,16.37073347,16.24336919,1001,1.638,0,0,0,0.558151905,-0.253247589,39.522444,39.500386,9.098891,38.305345,31.721257,34.029457,60,41.193338,62.876365,57.030992,57.378405,75.383258,1,H,149.1091,109.0232701,112.7888666,4,0,0.31682,0.140553,0.036537,0.090989,0.227033,0.175173,0.056306,0.062013,0.395775,0.383053,0.148447,0.040281
South Canol,Liard,Census,2022,Early-Winter,6,6,5,133,1,H?,6142-13220,134361,43841,61.7167,-132.375,1,0,1,1,0,0,0,0,2,16.37073349,16.24336915,1001,2,0,0,1,0.586481464,-0.231745709,62.539998,62.396557,15.127712,39.923098,30.975596,39.547182,59.259259,65.23778,74.440031,70.931259,74.219353,83.035419,1,H?,189.235,136.7735226,137.2023069,2,0,0.310135,0.228619,0.023677,0.151277,0.373798,0.29816,0.053892,0.056145,0.626065,0.399231,0.281626,0.032138
South Canol,Liard,Census,2022,Early-Winter,6,0,5,134,2,L?,6142-13215,134362,43840,61.7167,-132.2917,0,0,0,0,0,0,0,0,0,16.37073354,16.24336907,1001,0.975,0,0,0,0.439479732,-0.357061149,60.4821,60.284428,11.227355,28.720885,24.869268,32.702152,50.775194,62.239183,66.357347,64.023721,67.016253,75.318471,0,L?,183.452,108.9872148,106.1233446,5.148,24.05,0.248169,0.214085,0.019329,0.112274,0.282198,0.239029,0.038218,0.043339,0.600724,0.287209,0.230494,0.028746
South Canol,Liard,Census,2022,Early-Winter,6,0,5,135,2,L?,6142-13210,134363,43839,61.7167,-132.2083,0,0,0,0,0,0,0,0,0,16.37073331,16.24336906,1001,0.794,0,0,0,0.381735075,-0.418237934,53.165044,53.044052,11.683092,25.975885,19.049714,32.16564,45.692884,55.122917,59.088159,55.557389,61.617995,75.559589,0,L?,145.2556,91.56430354,88.46222284,1,0,0.190057,0.165556,0.011617,0.116831,0.296207,0.231625,0.020812,0.022518,0.532322,0.259759,0.199527,0.013049
South Canol,Liard,Census,2022,Early-Winter,6,6,5,136,1,H?,6140-13315,134890,43312,61.6833,-133.2917,1,0,1,2,1,0,0,0,5,16.38832454,16.25288629,820,5,1,1,0,0.680188614,-0.167370642,44.509718,44.36148,9.491898,23.433123,22.970895,24.876442,40.37037,48.923905,53.777314,52.113759,52.624355,55.945976,1,H?,257.9104,128.4156015,126.8671463,1,0,0.229607,0.156166,0.078567,0.094919,0.252458,0.153749,0.097962,0.118785,0.445006,0.234331,0.140895,0.068238
South Canol,Liard,Census,2022,Early-Winter,6,0,5,137,1,H?,6140-13310,134891,43311,61.6833,-133.2083,0,0,0,0,0,0,0,0,0,16.38832395,16.25288599,820,3.3,0,0,0,0.836738393,-0.077410303,42.643186,42.61027,3.543761,18.262733,21.20613,22.117867,20.703125,43.016239,50.51569,48.677858,48.985078,52.024358,1,H,222.1178,107.5523896,108.9853879,1.63,9,0.21214,0.150288,0.100357,0.035438,0.097687,0.090215,0.069941,0.117191,0.424926,0.182627,0.10384,0.060986
South Canol,Liard,Census,2022,Early-Winter,6,0,5,138,1,H?,6140-13305,134892,43310,61.6833,-133.125,0,0,0,0,0,0,0,0,0,16.38832416,16.25288607,820,1.025,0,0,0,0.456842994,-0.340233031,41.326671,41.238812,2.619008,14.270027,8.852279,14.200988,28.030303,42.57317,47.877656,44.19307,48.82214,48.190654,1,H,186.6108,80.29707415,77.83622634,2,0,0.088453,0.060396,0.012848,0.02619,0.087575,0.04678,0.013013,0.016636,0.413852,0.1427,0.073684,0.015648
South Canol,Liard,Census,2022,Early-Winter,6,0,5,139,1,H?,6140-13300,134893,43309,61.6833,-133.0417,0,0,0,0,0,0,0,0,0,16.3883243,16.25288613,1002,1.068,0,0,0,0.401941177,-0.3958375,37.751908,37.587173,10.748202,24.213647,19.647466,24.375378,27.027027,43.627478,50.842897,46.36758,48.838614,48.382846,1,H,136.1472,73.81383291,74.92541516,1.78,7,0.197453,0.110117,0.003027,0.107482,0.261075,0.133666,0.006879,0.007925,0.374252,0.242136,0.112093,0.003357
South Canol,Liard,Census,2022,Early-Winter,6,6,5,140,1,H.,6140-13255,134894,43308,61.6833,-132.9583,1,0,0,0,1,0,0,0,2,16.38832417,16.25288606,1002,2,0,0,1,0.785757011,-0.104711736,42.570016,42.515102,10.595081,38.559508,37.514416,39.590312,31.764706,44.83251,58.347062,55.381658,55.947282,51.065349,1,H,203.6181,132.9824075,136.009115,0,0,0.374012,0.243577,0.075373,0.105951,0.247859,0.195433,0.079216,0.107323,0.425491,0.385595,0.225187,0.07422
South Canol,Liard,Census,2022,Early-Winter,6,6,5,141,1,H.,6140-13250,134895,43307,61.6833,-132.875,1,0,0,3,0,0,0,1,4,16.38832411,16.25288597,1002,4,1,0,1,0.904964825,-0.043368301,50.697572,50.63166,8.73909,31.94818,29.265077,31.39075,45.555556,51.565418,65.862902,60.430627,60.628364,61.474239,1,H,221.1472,150.7552148,151.1848679,1.908,9,0.294121,0.194379,0.066586,0.087391,0.222594,0.198935,0.088489,0.103091,0.506263,0.319482,0.164187,0.061371
South Canol,Liard,Census,2022,Early-Winter,6,6,5,142,1,H.,6140-13245,134896,43306,61.6833,-132.7917,1,0,0,0,1,0,0,0,2,16.38832455,16.25288616,1001,2,0,0,0,0.637040334,-0.19583307,58.695533,58.503214,11.504668,21.323449,21.927367,26.262293,38.518519,63.745261,66.349799,65.448651,66.344305,67.877356,1,H,224.8297,132.1272838,132.7923651,1,0,0.217902,0.149753,0.047339,0.115047,0.282647,0.179132,0.064089,0.073919,0.585298,0.213234,0.135859,0.042506
South Canol,Liard,Census,2022,Early-Winter,6,6,5,143,1,H.,6140-13240,134897,43305,61.6833,-132.7083,1,0,7,3,0,0,0,0,10,16.388324,16.25288602,1001,10,1,1,0,1.523754021,0.182914865,26.768978,26.768978,13.924746,28.201044,21.040228,21.149841,23.529412,27.311592,35.637161,29.728693,29.728693,33.806522,1,H?,151.5056,268.1936837,298.7419325,0,0,0.210226,0.182412,0.101218,0.139247,0.225103,0.206647,0.110959,0.116506,0.268101,0.28201,0.193738,0.103763
South Canol,Liard,Census,2022,Early-Winter,6,0,5,144,1,H.,6140-13235,134898,43304,61.6833,-132.625,0,0,0,0,0,0,0,0,0,16.38832436,16.25288617,1001,0.901,0,0,0,0.404931089,-0.392618879,23.756634,23.723806,4.96665,20.632821,17.352828,18.380696,25.555556,25.086174,37.982163,33.999015,34.119385,47.11933,1,H?,99.01646,67.04456498,68.96859611,1,0,0.173971,0.066645,0.01356,0.049667,0.134722,0.094703,0.02227,0.023758,0.234968,0.206328,0.059313,0.011355
South Canol,Liard,Census,2022,Early-Winter,6,6,5,145,1,H.,6140-13230,134899,43303,61.6833,-132.5417,1,1,6,13,1,0,0,0,22,16.38832414,16.25288599,1001,22,1,1,1,0.902337271,-0.044631104,42.901167,42.807616,8.462383,26.359143,22.772657,25.636384,31.111111,44.067797,57.126348,53.505393,54.369359,55.937706,1,H?,195.7581,134.761296,143.6870781,1,0,0.227727,0.12223,0.041694,0.084624,0.20022,0.175343,0.062273,0.072268,0.428736,0.263591,0.121252,0.03877
South Canol,Liard,Census,2022,Early-Winter,6,0,5,146,1,H?,6140-13225,134900,43302,61.6833,-132.4583,0,0,0,0,0,0,0,0,0,16.38832423,16.25288609,1001,1.145,0,0,0,0.422530588,-0.374141846,44.958122,44.897509,6.642066,21.583962,17.58284,20.00768,26.27451,46.622217,53.945338,50.23143,51.405114,54.981265,1,H?,158.7256,86.19426948,85.56053663,0.916,6,0.175828,0.119816,0.01761,0.066421,0.190835,0.144132,0.039874,0.04417,0.44503,0.21584,0.120835,0.021204
South Canol,Liard,Census,2022,Early-Winter,6,6,5,147,1,H.,6138-13315,135430,42772,61.65,-133.2917,1,0,0,0,0,0,0,0,0,16.40590953,16.26240123,822,0,0,0,1,0.851519209,-0.06980555,59.793814,59.525115,12.023476,23.986616,25.467918,30.79203,39.62963,67.098048,74.029392,67.597061,69.231191,80.264312,1,H,338.6944,159.9406082,156.8721658,1.17,6,0.255444,0.170863,0.105471,0.120235,0.305194,0.144479,0.088624,0.135817,0.595924,0.239866,0.098294,0.048126
South Canol,Liard,Census,2022,Early-Winter,6,0,5,148,1,H?,6138-13310,135431,42771,61.65,-133.2083,0,0,0,0,0,0,0,0,0,16.40590938,16.26240109,820,2.094,0,0,0,0.669807407,-0.174050054,47.08658,46.993306,8.576282,21.766769,25.30563,27.756154,28.627451,52.359267,56.990014,54.877647,55.612861,53.681554,1,H?,238.6252,116.7139585,121.9833923,0,0,0.252904,0.181719,0.079954,0.085763,0.189062,0.094476,0.041484,0.089654,0.469165,0.217668,0.123137,0.048553
South Canol,Liard,Census,2022,Early-Winter,6,0,5,149,1,H?,6138-13305,135432,42770,61.65,-133.125,0,0,0,0,0,0,0,0,0,16.40590945,16.26240113,820,1.937,0,0,1,0.666157133,-0.176423317,59.756432,59.591859,5.172414,16.884472,14.837365,18.22171,34.074074,63.283779,65.434198,64.073729,66.695924,71.495968,1,H?,244.0641,109.2874881,108.5524686,0,0,0.14743,0.103174,0.014607,0.051724,0.125137,0.056172,0.017353,0.021417,0.594602,0.168845,0.111081,0.020319
South Canol,Liard,Census,2022,Early-Winter,6,0,5,150,1,H?,6138-13300,135433,42769,61.65,-133.0417,0,0,0,0,0,0,0,0,0,16.40590942,16.26240118,1002,0.434,0,0,0,0.215813242,-0.66592191,18.088606,17.935081,14.643778,19.980256,14.988753,30.701706,38.022814,30.683189,33.983989,29.07117,41.484812,46.255072,1,H?,147.5983,60.15794806,59.90183185,2.452,10,0.15099,0.042067,0.002527,0.146438,0.343059,0.053584,0.00769,0.009063,0.180113,0.199803,0.040805,0.003735
South Canol,Liard,Census,2022,Early-Winter,6,6,5,151,1,H?,6138-13255,135434,42768,61.65,-132.9583,1,0,0,0,0,0,0,0,0,16.40590931,16.26240121,1002,0,0,0,1,0.622429025,-0.205910164,53.15088,53.002797,14.52223,39.021983,34.271142,37.517824,30.327869,60.214995,68.293753,64.065157,65.375967,65.337575,1,H?,206.0599,150.1143907,161.6707672,5,0,0.341538,0.231621,0.028316,0.145222,0.273505,0.151362,0.039072,0.042913,0.524173,0.39022,0.234856,0.025517
South Canol,Liard,Census,2022,Early-Winter,6,6,5,152,1,H.,6138-13250,135435,42767,61.65,-132.875,1,0,3,5,1,0,0,0,10,16.40590937,16.26240114,1002,10,1,1,1,1.788079781,0.252386892,42.38338,42.38338,10.001648,34.338441,30.709352,31.493257,15.925926,42.679384,51.400537,48.41309,48.41309,44.197774,1,H,281.1749,212.6753747,229.679084,1.79,8,0.307519,0.250233,0.162373,0.100016,0.207667,0.195364,0.147322,0.198627,0.427474,0.343384,0.258033,0.163307
South Canol,Liard,Census,2022,Early-Winter,6,6,5,153,1,H.,6138-13245,135436,42766,61.65,-132.7917,1,0,0,3,2,0,0,0,7,16.40590948,16.26240126,1002,7,1,1,0,1.354441067,0.131760113,54.912915,54.841713,13.617629,33.13733,31.285377,34.769467,36.666667,58.35798,64.180085,62.120714,63.040859,67.647059,1,H,245.4238,193.8654486,204.3070917,1.654,7,0.312744,0.242403,0.094638,0.136176,0.300269,0.234214,0.107025,0.124477,0.547514,0.331373,0.239325,0.095464
South Canol,Liard,Census,2022,Early-Winter,6,0,5,154,1,H.,6138-13240,135437,42765,61.65,-132.7083,0,0,0,0,0,0,0,0,0,16.40590924,16.26240108,1001,1.127,0,0,0,0.46326634,-0.334169253,37.087549,37.010559,10.646575,24.591781,20.748299,28.19289,26.666667,41.943467,47.651782,45.221073,48.16872,46.810383,1,H,182.7369,115.7018307,119.6483401,2,0,0.206825,0.130482,0.0493,0.106466,0.231178,0.141644,0.066557,0.079221,0.372867,0.245918,0.144274,0.052961
South Canol,Liard,Census,2022,Early-Winter,6,6,5,155,1,H.,6138-13235,135438,42764,61.65,-132.625,1,4,5,7,1,0,0,0,18,16.40590966,16.26240129,1001,18,1,1,0,1.526031034,0.183563366,44.694975,44.694975,11.625103,35.193204,38.395998,39.632806,47.037037,44.892473,55.568356,53.297125,53.297125,60.692341,1,H,249.6556,206.9500388,222.6214115,1.384,8,0.385366,0.304467,0.192272,0.116251,0.244834,0.235517,0.165141,0.22154,0.447718,0.351932,0.247465,0.156098
South Canol,Liard,Census,2022,Early-Winter,6,6,5,156,1,H.,6138-13230,135439,42763,61.65,-132.5417,1,0,3,3,1,1,0,0,11,16.40590948,16.26240119,1001,11,1,1,1,0.628215739,-0.201891187,52.4466,52.141456,14.318898,28.49953,22.847409,25.397,33.703704,59.421316,65.066478,61.006975,62.276591,63.061247,1,H,227.8442,147.6484728,154.4118386,2.11,10,0.227587,0.14424,0.041512,0.143189,0.314806,0.18937,0.087342,0.093984,0.521944,0.284995,0.161495,0.04987
South Canol,Liard,Census,2022,Early-Winter,6,6,5,157,1,H?,6136-13320,135969,42233,61.6167,-133.375,1,0,0,0,0,0,0,0,0,16.42348762,16.27191358,822,0,0,0,0,0.760957364,-0.118639676,50.090446,50.090446,10.593777,21.92156,27.543302,28.793028,29.72973,50.238448,56.339418,53.982349,53.982349,51.669133,1,H,272.7413,161.806537,163.6978205,0,0,0.273718,0.241838,0.21031,0.105938,0.240743,0.23395,0.211681,0.250123,0.50167,0.219216,0.160769,0.140389
South Canol,Liard,Census,2022,Early-Winter,6,0,5,158,1,H.,6136-13315,135970,42232,61.6167,-133.2917,0,0,0,0,0,0,0,0,0,16.42348804,16.27191368,822,4.757,1,1,0,1.055598381,0.023498715,54.630086,54.564372,7.761456,24.457356,29.805639,31.683548,27.626459,54.816275,60.177427,57.483161,57.603636,61.097421,1,H,227.4325,139.584283,140.7503635,2,9,0.299057,0.267321,0.116045,0.077615,0.187294,0.179895,0.107274,0.136107,0.541456,0.244574,0.191351,0.079647
South Canol,Liard,Census,2022,Early-Winter,6,0,5,159,1,H.,6136-13310,135971,42231,61.6167,-133.2083,0,0,0,0,0,0,0,0,0,16.42348766,16.27191348,822,1.157,0,0,0,0.460920159,-0.336374297,38.522659,38.319908,19.375342,27.457534,27.16557,32.79057,57.089552,55.148227,59.027892,58.304565,62.491095,74.716423,1,H,222.4594,120.836277,126.5952642,1.696,8,0.272,0.070959,0.016713,0.193753,0.347616,0.067123,0.022871,0.027159,0.38644,0.274575,0.069041,0.013745
South Canol,Liard,Census,2022,Early-Winter,6,0,5,160,1,H.,6136-13305,135972,42230,61.6167,-133.125,0,0,0,0,0,0,0,0,0,16.42348829,16.2719138,820,0.788,0,0,0,0.348656186,-0.457602625,33.667488,33.497672,19.37959,33.585443,37.677504,40.906848,55.555556,50.545056,56.44481,56.981649,59.435771,68.79759,1,H,188.5864,104.4889206,109.5017055,1.586,7,0.375754,0.144744,0.022938,0.193796,0.358654,0.083799,0.016243,0.030072,0.331143,0.335854,0.109997,0.022005
South Canol,Liard,Census,2022,Early-Winter,6,0,5,161,1,H?,6136-13300,135973,42229,61.6167,-133.0417,0,0,0,0,0,0,0,0,0,16.42348764,16.27191372,1002,1.227,0,0,0,0.471983963,-0.326072757,36.540043,36.364633,9.659745,13.982795,10.451931,19.57272,22.222222,43.715398,46.648029,44.055254,49.29562,50.052075,1,H?,217.5133,82.54491472,81.14329668,0,0,0.105035,0.031889,0.005836,0.096597,0.236973,0.070024,0.01894,0.021637,0.364548,0.139828,0.040601,0.011287
South Canol,Liard,Census,2022,Early-Winter,6,6,5,162,1,H?,6136-13255,135974,42228,61.6167,-132.9583,1,0,0,0,0,0,0,0,0,16.423488,16.27191356,1002,0,0,0,1,0.731505905,-0.135782164,55.835478,55.649269,13.32639,25.276834,22.232568,32.119187,54.651163,61.482009,68.45939,62.916918,66.241306,81.170929,1,H?,226.1464,152.8382868,150.4567262,1.41,6.05,0.221905,0.146859,0.037561,0.133264,0.29909,0.192084,0.060262,0.062949,0.556091,0.252768,0.120436,0.038384
South Canol,Liard,Census,2022,Early-Winter,6,6,5,163,1,H.,6136-13250,135975,42227,61.6167,-132.875,1,0,0,9,1,0,0,0,11,16.42348791,16.27191361,1002,11,1,1,1,2.298131546,0.361374884,60.211576,60.085508,24.161368,45.560184,38.557787,45.220064,58.498024,64.267704,74.720456,72.341592,72.922605,75.750932,1,H,281.9492,363.4938179,391.7889683,1.036,6.05,0.386209,0.266992,0.114729,0.241614,0.428086,0.347457,0.189004,0.19613,0.598884,0.455602,0.312103,0.143014
South Canol,Liard,Census,2022,Early-Winter,6,0,5,164,1,H.,6136-13245,135976,42226,61.6167,-132.7917,0,0,0,0,0,0,0,0,0,16.42348822,16.27191376,1002,2.297,0,0,0,0.691329936,-0.160314637,43.209809,43.160545,9.798129,37.398107,36.160543,37.414445,31.851852,45.350047,61.661832,59.521594,59.718649,53.078986,1,H,175.0503,124.9700598,130.9866397,1.942,9,0.360632,0.199628,0.031566,0.097981,0.230702,0.181301,0.044806,0.050605,0.432321,0.373981,0.190711,0.031785
South Canol,Liard,Census,2022,Early-Winter,6,6,5,165,1,H.,6136-13240,135977,42225,61.6167,-132.7083,1,0,0,0,0,0,0,0,0,16.42348786,16.27191353,1001,0,0,0,0,0.396940611,-0.401274467,37.558865,37.372686,22.628659,35.310595,29.626184,38.268294,30.196078,55.651079,62.758734,58.361625,64.023656,55.563465,1,H,191.5123,147.7429825,159.0972685,0,0,0.296699,0.096611,0.010645,0.226287,0.382325,0.120009,0.015003,0.020353,0.376851,0.353106,0.107321,0.017319
South Canol,Liard,Census,2022,Early-Winter,6,6,5,166,1,H.,6136-13235,135978,42224,61.6167,-132.625,1,0,3,12,0,0,0,0,15,16.42348798,16.27191371,1001,15,1,1,0,0.874872065,-0.058055451,56.835637,56.714944,9.963482,35.297324,31.062102,32.20869,38.518519,58.57472,66.502085,62.541145,62.914198,69.272548,1,H?,241.8299,155.3625132,161.9201101,2.462,11,0.310296,0.25759,0.101924,0.099635,0.216657,0.187115,0.073582,0.137407,0.568313,0.352973,0.261242,0.115605
South Canol,Liard,Census,2022,Early-Winter,6,6,5,167,1,H?,6134-13320,136509,41693,61.5833,-133.375,1,0,4,4,0,0,0,0,8,16.44106128,16.28142428,822,8,1,1,1,0.957870454,-0.018693222,61.332166,61.074927,18.999124,30.524529,33.989932,46.49814,49.811321,70.357397,74.347326,73.247222,77.428712,72.28942,1,H?,292.5466,212.0227896,217.3793984,1.002,6,0.339849,0.221529,0.125726,0.189991,0.363447,0.222624,0.155021,0.178951,0.613721,0.305245,0.177234,0.096868
South Canol,Liard,Census,2022,Early-Winter,6,0,5,168,2,L?,6134-13315,136510,41692,61.5833,-133.2917,0,0,0,0,0,0,0,0,0,16.44106152,16.28142442,822,2.055,0,0,0,0.656993275,-0.182439076,30.477859,30.477859,4.152306,20.493462,22.51068,22.88312,17.6,30.532596,37.648476,34.982758,35.070338,33.794953,0,L?,183.2871,99.91325117,102.114617,0.636,5,0.225231,0.179331,0.110072,0.041523,0.108047,0.104491,0.075442,0.121232,0.304517,0.204935,0.132228,0.079982
South Canol,Liard,Census,2022,Early-Winter,6,0,5,169,1,H?,6134-13310,136511,41691,61.5833,-133.2083,0,0,0,0,0,0,0,0,0,16.44106096,16.28142418,822,1.813,0,0,0,0.650921217,-0.186471573,59.993434,59.81288,4.8039,15.337423,15.92625,18.30616,45.925926,62.975324,67.221098,65.628933,66.723204,80.511025,1,H?,255.9796,110.4608064,111.0460474,0,0,0.158907,0.103582,0.043385,0.048039,0.135736,0.05883,0.03977,0.055766,0.600131,0.153374,0.082877,0.025034
South Canol,Liard,Census,2022,Early-Winter,6,0,5,170,1,H.,6134-13305,136512,41690,61.5833,-133.125,0,0,0,0,0,0,0,0,0,16.44106137,16.28142446,822,2.789,0,0,0,0.815486123,-0.088583425,48.207542,48.059767,15.847054,26.327881,25.939109,28.677034,62.222222,61.277434,64.309562,65.967927,68.184555,80.296645,1,H,302.4455,119.2823532,117.618999,1.93,10,0.260489,0.082435,0.050791,0.158471,0.321098,0.073847,0.054513,0.072738,0.480127,0.263279,0.101034,0.071042
South Canol,Liard,Census,2022,Early-Winter,6,6,5,171,1,H?,6134-13300,136513,41689,61.5833,-133.0417,1,0,0,0,0,0,0,0,0,16.44106124,16.28142437,1002,0,0,0,1,0.231743644,-0.634992168,28.60348,28.537813,11.286434,31.848565,29.531267,35.680648,42.745098,37.107366,49.39258,46.79873,51.351647,63.844807,1,H?,113.0394,54.84663235,55.35190609,0.718,4.05,0.294762,0.114892,0.006255,0.112864,0.277833,0.090072,0.01048,0.01273,0.284511,0.318486,0.110837,0.005432
South Canol,Liard,Census,2022,Early-Winter,6,6,5,172,1,H?,6134-13255,136514,41688,61.5833,-132.9583,1,0,0,0,0,0,0,0,0,16.44106141,16.28142431,1002,0,0,0,1,0.86940894,-0.060775898,42.511628,42.467852,17.270836,46.988282,44.791553,49.84681,55.925926,49.28591,64.300958,59.573187,62.150479,65.833105,1,H?,184.0035,168.5649628,178.2204515,2.186,9,0.447706,0.279049,0.045614,0.172708,0.348757,0.240499,0.049502,0.057058,0.424058,0.469883,0.252108,0.0443
South Canol,Liard,Census,2022,Early-Winter,6,6,5,173,1,H?,6134-13250,136515,41687,61.5833,-132.875,1,1,4,9,0,0,0,0,14,16.44106111,16.28142427,1002,14,1,1,0,1.077110711,0.032260345,31.352268,31.352268,11.264833,40.411221,37.441096,39.134247,29.739777,32.556231,48.464948,44.721721,44.727193,43.594374,1,H?,162.5232,174.5611281,187.3706913,0,0,0.373817,0.24121,0.094111,0.112648,0.230546,0.191338,0.090447,0.101219,0.313915,0.404112,0.234484,0.08908
South Canol,Liard,Census,2022,Early-Winter,6,6,5,174,1,H.,6134-13245,136516,41686,61.5833,-132.7917,1,2,11,6,0,0,0,1,20,16.44106112,16.28142436,1002,20,1,1,0,1.557940316,0.192550816,61.271265,61.07981,21.721267,39.196888,40.225174,44.914467,43.568465,67.162628,76.412669,74.716919,75.876593,75.395219,1,H,245.2785,285.9375212,310.677955,2.216,10,0.403857,0.26312,0.094867,0.217213,0.388518,0.295278,0.140104,0.142245,0.610351,0.391969,0.233867,0.101125
South Canol,Liard,Census,2022,Early-Winter,6,0,5,175,1,H.,6134-13240,136517,41685,61.5833,-132.7083,0,0,0,0,0,0,0,0,0,16.44106126,16.28142428,1002,1.496,0,0,0,0.530363237,-0.275426588,42.667544,42.464627,28.403435,35.759996,34.618544,39.591434,58.8,66.046945,69.293627,68.12548,71.964462,76.137984,1,H,212.5156,164.0157723,176.3909936,0,0,0.345676,0.089099,0.009781,0.284034,0.468632,0.134825,0.024012,0.02632,0.420813,0.3576,0.089263,0.013572
South Canol,Liard,Census,2022,Early-Winter,6,6,5,176,1,H?,6134-13235,136518,41684,61.5833,-132.625,1,0,1,2,0,0,0,0,3,16.44106141,16.28142433,1001,3,1,0,1,0.744884008,-0.12791135,57.09755,57.04287,8.821593,32.400702,29.268159,32.026931,57.777778,60.083115,72.501094,69.515529,70.866142,90.398075,1,H?,238.6944,128.2217184,128.8666476,1.85,8,0.292572,0.16749,0.0361,0.088216,0.234584,0.178297,0.052395,0.064026,0.569807,0.324007,0.166502,0.038075
South Canol,Liard,Census,2022,Early-Winter,6,0,5,177,1,H?,6132-13320,137049,41153,61.55,-133.375,0,0,0,0,0,0,0,0,0,16.45862771,16.29093249,822,0.484,0,0,0,0.196925367,-0.705698337,35.00519,34.906846,11.398567,31.482798,27.579984,35.061526,29.803922,43.790635,53.619625,51.002568,57.881222,51.625417,1,H,132.8538,64.66654031,66.02357314,2.032,11,0.274572,0.120002,0.003556,0.113986,0.255483,0.064213,0.005962,0.007057,0.347403,0.314828,0.127386,0.00826
South Canol,Liard,Census,2022,Early-Winter,6,0,5,178,1,L?,6132-13315,137050,41152,61.55,-133.2917,0,0,0,0,0,0,0,0,0,16.45862813,16.29093256,822,1.725,0,0,0,0.600162184,-0.221731373,40.450544,40.379463,4.769458,31.001477,27.829699,28.649505,25.670498,41.101208,51.571983,47.236044,47.394609,45.33326,1,H,215.8214,101.6669887,103.1680483,1.98,9.05,0.279877,0.211781,0.118368,0.047695,0.131488,0.11322,0.048682,0.129034,0.404628,0.310015,0.198928,0.108467
South Canol,Liard,Census,2022,Early-Winter,6,6,5,179,1,H?,6132-13310,137051,41151,61.55,-133.2083,1,0,0,1,0,0,0,0,1,16.45862789,16.29093237,822,1,0,0,0,1.210552907,0.082983775,79.043554,78.917706,4.176918,21.261823,18.594725,19.185728,52.434457,79.256949,81.965419,79.897133,79.897133,81.286934,1,H,411.631,157.2054752,154.3777345,2.11,8,0.184517,0.176918,0.146705,0.041769,0.134438,0.12815,0.112492,0.180151,0.788341,0.212618,0.183041,0.1403
South Canol,Liard,Census,2022,Early-Winter,6,0,5,180,1,H?,6132-13305,137052,41150,61.55,-133.125,0,0,0,0,0,0,0,0,0,16.45862817,16.29093262,822,1.025,0,0,0,0.410358834,-0.386836213,37.364138,37.260364,6.15536,14.770677,14.804286,18.838837,32.45283,42.640232,45.201813,44.874106,48.484352,51.903435,1,H,173.8559,67.9854433,66.55000729,2,0,0.148527,0.072159,0.007114,0.061554,0.156617,0.034658,0.009576,0.014993,0.374665,0.147707,0.067676,0.014337
South Canol,Liard,Census,2022,Early-Winter,6,0,5,181,1,H?,6132-13300,137053,41149,61.55,-133.0417,0,0,0,0,0,0,0,0,0,16.458628,16.29093242,1003,0.658,0,0,0,0.314097119,-0.502936047,52.16132,51.980983,4.321899,6.19837,6.082153,11.994749,18.846154,55.03033,55.489371,55.128696,58.445817,59.98142,1,H,183.2045,75.90384004,74.67367583,0,0,0.060725,0.030199,0.010176,0.043219,0.103835,0.043383,0.021282,0.023307,0.518448,0.061984,0.02708,0.010723
South Canol,Liard,Census,2022,Early-Winter,6,6,5,182,1,H.,6132-13255,137054,41148,61.55,-132.9583,1,0,0,0,0,0,0,0,0,16.45862804,16.29093256,1003,0,0,0,0,0.462326197,-0.335051498,44.499098,44.253156,21.848326,31.970891,24.640061,36.973778,53.703704,62.775318,66.890747,60.102749,68.295349,75.236378,1,H,210.608,195.0109481,214.9672617,2.044,10,0.2471,0.089626,0.007771,0.218483,0.339024,0.09165,0.009194,0.012861,0.441797,0.319709,0.089954,0.009577
South Canol,Liard,Census,2022,Early-Winter,6,6,5,183,1,H.,6132-13250,137055,41147,61.55,-132.875,1,0,7,9,0,0,0,0,16,16.45862801,16.29093244,1003,16,1,1,0,1.381863785,0.140465235,53.087094,52.999672,18.07993,36.646438,33.216993,37.088946,47.407407,56.676866,65.632171,63.408371,63.834554,66.970823,1,H?,250.3337,262.1117604,276.8765813,2.134,9,0.331857,0.229566,0.091903,0.180799,0.359357,0.283035,0.128041,0.140342,0.532141,0.366464,0.240555,0.099721
South Canol,Liard,Census,2022,Early-Winter,6,6,5,184,1,H.,6132-13245,137056,41146,61.55,-132.7917,1,0,0,0,0,0,0,0,0,16.45862807,16.29093246,1002,0,0,0,1,0.524474473,-0.280275644,46.862337,46.698062,13.07029,41.350142,39.293924,43.322386,49.803922,51.473004,67.933414,63.985325,65.277626,67.413208,1,H?,176.0557,132.8433856,138.0548272,2,0,0.392764,0.21873,0.024232,0.130703,0.278869,0.201976,0.042569,0.044643,0.467611,0.413501,0.198592,0.026633
South Canol,Liard,Census,2022,Early-Winter,6,0,5,185,1,H.,6132-13240,137057,41145,61.55,-132.7083,0,0,0,0,0,0,0,0,0,16.4586279,16.29093253,1002,0.725,0,0,0,0.339783197,-0.468798102,49.647637,49.489211,11.490598,31.774574,30.192097,31.706915,42.750929,58.131658,66.96531,66.031139,66.877902,71.215515,1,H?,183.4861,100.0771286,101.2781105,1.14,6,0.301847,0.136835,0.007436,0.114906,0.234143,0.077024,0.008592,0.011071,0.493625,0.317746,0.143084,0.007656
South Canol,Liard,Census,2022,Early-Winter,6,0,5,186,2,H.,6132-13235,137058,41144,61.55,-132.625,0,0,0,0,0,0,0,0,0,16.45862823,16.29093254,1001,0.417,0,0,1,0.220392534,-0.656803122,31.897778,31.80475,20.875513,28.72777,26.531168,29.664342,42.063492,51.619788,55.039947,53.496771,56.139871,57.759659,0,L?,164.4487,75.178532,76.16388351,1.448,7,0.265171,0.050725,0.000831,0.208755,0.331382,0.045527,0.002438,0.002882,0.318117,0.287278,0.056689,0.002217
South Canol,Liard,Census,2022,Early-Winter,6,0,5,187,1,H.,6132-13230,137059,41143,61.55,-132.5417,0,0,0,0,0,0,0,0,0,16.45862804,16.2909325,1001,0.637,0,0,0,0.27511933,-0.560478895,32.154534,32.001962,15.742153,19.921534,17.327812,22.204664,30.952381,46.915867,47.956626,46.311029,51.008065,56.130122,1,H?,162.2454,69.4643076,69.10711697,2.38,10,0.173278,0.031386,0.003941,0.157422,0.256212,0.038742,0.010455,0.011496,0.320399,0.199215,0.040432,0.005638
South Canol,Liard,Census,2022,Early-Winter,6,0,5,188,1,H?,6130-13320,137589,40613,61.5167,-133.375,0,0,0,0,0,0,0,0,0,16.47618905,16.30043869,822,2.837,0,0,0,0.813311407,-0.089743136,39.034249,38.985088,7.465458,24.34056,19.807713,28.548017,36.940299,40.831376,48.713607,44.097886,49.762386,58.311029,1,H?,189.0126,119.7562558,127.9468793,1.588,7,0.198187,0.150238,0.060922,0.074655,0.181203,0.129321,0.054693,0.075566,0.38905,0.243406,0.146469,0.066222
South Canol,Liard,Census,2022,Early-Winter,6,0,5,189,2,L?,6130-13315,137590,40612,61.5167,-133.2917,0,0,0,0,0,0,0,0,0,16.47618931,16.3004388,822,4,1,0,0,0.949980373,-0.022285367,49.058046,49.058046,1.44785,31.421079,20.548694,20.892994,14.444444,49.085349,58.559493,53.366461,53.366461,50.117403,0,L?,305.7969,114.5185672,116.3242695,1.462,8,0.207179,0.164126,0.107851,0.014479,0.057586,0.055892,0.029449,0.120964,0.490008,0.314211,0.218926,0.158936
South Canol,Liard,Census,2022,Early-Winter,6,6,5,190,1,H.,6130-13310,137591,40611,61.5167,-133.2083,1,0,1,0,0,0,0,0,1,16.47618926,16.30043876,822,1,0,0,0,1.020328762,0.008740129,72.217372,71.950022,8.680442,17.880179,23.0206,25.566909,67.70428,77.018769,79.184854,78.862942,80.510694,86.807071,1,H,371.0279,162.9816428,164.6507797,2.428,10,0.228709,0.160927,0.107527,0.086804,0.208265,0.118509,0.099054,0.135407,0.719345,0.178802,0.109107,0.066638
South Canol,Liard,Census,2022,Early-Winter,6,0,5,191,1,H?,6130-13305,137592,40610,61.5167,-133.125,0,0,0,0,0,0,0,0,0,16.47618971,16.30043889,822,1.657,0,0,0,0.55278617,-0.257442831,51.343969,51.21285,1.942544,13.0342,11.664847,14.235808,20.392157,51.464161,56.020542,53.780594,54.523601,55.588942,1,H?,206.2139,87.26744089,87.06177099,1.816,8,0.116063,0.092195,0.028406,0.019425,0.066648,0.060575,0.027419,0.040225,0.513472,0.130342,0.080219,0.027802
South Canol,Liard,Census,2022,Early-Winter,6,0,5,192,1,H?,6130-13300,137593,40609,61.5167,-133.0417,0,0,0,0,0,0,0,0,0,16.47618897,16.30043866,1003,0.497,0,0,0,0.162138791,-0.79011307,27.282158,27.200262,9.274017,13.291485,11.111718,22.157912,16.296296,35.056781,37.737497,34.237825,44.147194,37.267962,1,H?,106.7414,47.20654553,47.01577347,3,0,0.111135,0.043122,0.00999,0.09274,0.21583,0.04929,0.016323,0.017797,0.270012,0.132915,0.02762,0.009444
South Canol,Liard,Census,2022,Early-Winter,6,6,5,193,1,H.,6130-13255,137594,40608,61.5167,-132.9583,1,0,0,0,0,0,0,0,0,16.47618933,16.30043881,1003,0,0,0,0,0.730533528,-0.136359847,51.728847,51.581362,10.828965,20.948012,22.429804,26.155359,42.962963,56.000437,61.217021,58.802644,59.36527,61.184246,1,H,232.1996,158.8753644,165.0273776,1.774,8,0.22619,0.152359,0.080066,0.10829,0.218108,0.156728,0.102731,0.115729,0.516346,0.20948,0.110692,0.068979
South Canol,Liard,Census,2022,Early-Winter,6,6,5,194,1,H?,6130-13250,137595,40607,61.5167,-132.875,1,2,1,7,0,0,0,0,10,16.47618956,16.3004388,1003,10,1,1,0,1.216082519,0.084963046,52.451944,52.233508,20.601093,45.885246,39.335119,45.130953,50.37037,54.630843,70.418305,65.989515,66.049585,63.985365,1,H?,222.6325,266.367907,282.041166,0.972,6,0.392404,0.256776,0.129727,0.206011,0.371038,0.321694,0.188907,0.200601,0.522767,0.458852,0.277814,0.14224
South Canol,Liard,Census,2022,Early-Winter,6,6,5,195,1,H?,6130-13245,137596,40606,61.5167,-132.7917,1,0,0,0,0,0,0,0,0,16.47618927,16.30043876,1003,0,0,0,1,0.942800492,-0.0255802,40.287259,40.287259,8.54626,36.614324,36.38399,38.065855,47.843137,40.986292,60.297089,54.19147,54.278849,54.939654,1,H?,199.4424,145.6452339,150.5915962,1.634,7.05,0.363517,0.219237,0.093615,0.085463,0.22728,0.202112,0.093451,0.117962,0.401651,0.366143,0.16053,0.078678
South Canol,Liard,Census,2022,Early-Winter,6,6,5,196,1,H?,6130-13240,137597,40605,61.5167,-132.7083,1,0,0,0,0,0,0,0,0,16.4761892,16.30043878,1003,0,0,0,0,0.526060703,-0.278964139,48.087402,48.016565,8.471616,36.370087,34.959926,35.952238,42.962963,50.948126,66.831953,62.11857,62.167611,66.701177,1,H?,176.0761,109.7205881,110.643067,2,0,0.349782,0.207424,0.035537,0.084716,0.225218,0.165502,0.048911,0.052623,0.479727,0.363701,0.171343,0.026093
South Canol,Liard,Census,2022,Early-Winter,6,0,5,197,1,H.,6130-13235,137598,40604,61.5167,-132.625,0,0,0,0,0,0,0,0,0,16.47618965,16.30043896,1003,0.486,0,0,0,0.237081558,-0.625102227,35.905288,35.768579,22.759602,28.668344,28.844155,32.208304,28.148148,57.062394,58.533384,57.658446,60.584021,56.87647,1,H,143.7899,68.70829214,68.87485956,1.366,6.05,0.288489,0.070905,0.006117,0.227596,0.363552,0.055312,0.008156,0.011021,0.359706,0.286683,0.060783,0.008266
South Canol,Liard,Census,2022,Early-Winter,6,0,5,198,1,H?,6130-13230,137599,40603,61.5167,-132.5417,0,0,0,0,0,0,0,0,0,16.47618925,16.3004387,1001,0.413,0,0,0,0.166861688,-0.777643368,28.424508,28.227571,15.529643,20.935048,19.894289,22.858544,43.703704,42.899344,44.195842,41.411379,44.250547,56.219912,1,H?,124.9679,50.61782205,50.62744418,0,0,0.198943,0.067949,0.005248,0.155296,0.265148,0.03204,0.003226,0.006615,0.280927,0.20935,0.049749,0.003062
South Canol,Liard,Census,2022,Early-Winter,6,0,5,199,1,L?,6128-13325,138128,40074,61.4833,-133.4583,0,0,0,0,0,0,0,0,0,16.49374523,16.30994303,822,0.524,0,0,0,0.199748654,-0.699516138,20.803318,20.623226,7.617592,11.895667,7.188829,17.197556,28.51711,26.249727,29.076621,24.950884,32.602052,39.789347,1,H,91.4366,41.63616609,40.76853733,1.092,6,0.072684,0.030121,0.002292,0.076176,0.176853,0.052166,0.006495,0.007423,0.204312,0.118957,0.035469,0.004203
South Canol,Liard,Census,2022,Early-Winter,6,6,5,200,1,H?,6128-13320,138129,40073,61.4833,-133.375,1,0,1,1,0,0,0,0,2,16.49374478,16.3099429,822,2,0,0,0,1.011844049,0.005113582,53.839442,53.703098,5.081046,24.537467,19.821049,23.989307,18.518519,54.101222,61.343805,57.662522,58.518761,58.224258,1,H,273.2823,135.7004123,134.9121133,1.634,9,0.198494,0.162091,0.072212,0.05081,0.148338,0.13786,0.065881,0.102069,0.537698,0.245375,0.170933,0.069483
South Canol,Liard,Census,2022,Early-Winter,6,6,5,201,1,H?,6128-13315,138130,40072,61.4833,-133.2917,1,0,3,5,0,0,0,0,8,16.49374544,16.30994314,822,8,1,1,0,1.227861616,0.089149423,67.682827,67.535584,7.181446,26.12824,27.880574,29.550789,34.814815,69.449746,74.445111,70.943993,71.167585,70.52953,1,H?,361.4518,172.7106042,171.3442556,0,0,0.277817,0.243165,0.160282,0.071814,0.190668,0.162019,0.130375,0.195372,0.675685,0.261282,0.192633,0.110129
South Canol,Liard,Census,2022,Early-Winter,6,6,5,202,1,H?,6128-13310,138131,40071,61.4833,-133.2083,1,0,0,0,0,0,0,0,0,16.49374499,16.30994306,822,0,0,0,0,0.458914725,-0.338268007,44.563795,44.269357,5.408942,13.865867,13.001036,19.637891,38.076923,49.367503,52.453653,51.842966,58.162486,65.043621,1,H?,224.8225,89.92537082,89.04754975,2.098,9,0.129989,0.057143,0.023665,0.054089,0.135551,0.025245,0.018703,0.028682,0.442051,0.138659,0.05976,0.018431
South Canol,Liard,Census,2022,Early-Winter,6,0,5,203,1,L?,6128-13305,138132,40070,61.4833,-133.125,0,0,0,0,0,0,0,0,0,16.49374505,16.30994315,822,1.845,0,0,0,0.62268329,-0.205732788,57.823761,57.610832,3.13353,19.461732,23.266354,27.094026,30.278884,58.926622,64.844944,64.468225,66.062459,67.651234,1,H,218.0875,93.95574799,94.56404798,1.706,8,0.232873,0.167258,0.024947,0.031335,0.105197,0.070204,0.01736,0.031608,0.576917,0.194617,0.124741,0.025876
South Canol,Liard,Census,2022,Early-Winter,6,6,5,204,1,L?,6128-13300,138133,40069,61.4833,-133.0417,1,0,0,0,0,0,0,0,0,16.4937451,16.30994301,1003,0,0,0,0,0.127012517,-0.896153479,21.939777,21.792494,3.850139,12.771991,12.241558,20.735366,30.740741,25.016365,29.543967,28.365699,34.90072,45.576042,1,H,87.66019,28.95583436,27.67386315,2.328,9,0.122157,0.057643,0.009312,0.038501,0.128702,0.028031,0.005806,0.011394,0.217552,0.12772,0.051426,0.003232
South Canol,Liard,Census,2022,Early-Winter,6,0,5,205,2,H.,6128-13255,138134,40068,61.4833,-132.9583,0,0,0,0,0,0,0,0,0,16.49374527,16.30994306,1003,0.331,0,0,0,0.145317636,-0.837681675,39.623568,39.274414,7.373071,16.44762,11.95919,18.964483,39.62963,44.822695,48.232406,45.248227,49.879978,62.902346,0,L?,138.9788,55.73229084,55.46520175,1.484,6.05,0.119649,0.064678,0.002129,0.073731,0.191525,0.069204,0.002347,0.002838,0.392908,0.164476,0.078748,0.001692
South Canol,Liard,Census,2022,Early-Winter,6,0,5,206,2,H.,6128-13250,138135,40067,61.4833,-132.875,0,0,0,0,0,0,0,0,0,16.493745,16.30994307,1003,1.368,0,0,0,0.466620223,-0.331036443,43.953945,43.904835,2.654236,13.029888,8.905866,10.444748,16.296296,43.981229,49.727164,46.022045,46.022045,47.069737,0,L?,178.9338,84.92892551,83.67973948,0,0,0.088891,0.069204,0.029558,0.026542,0.078969,0.077104,0.043378,0.050781,0.439738,0.130299,0.07365,0.029778
South Canol,Liard,Census,2022,Early-Winter,6,0,5,207,1,H?,6128-13245,138136,40066,61.4833,-132.7917,0,0,0,0,0,0,0,0,0,16.49374519,16.30994297,1003,1.767,0,0,0,0.626823797,-0.202854524,35.585266,35.579809,2.551188,17.579109,19.564268,21.04401,20.784314,35.612551,43.787176,42.046385,42.046385,37.702592,1,H?,190.551,98.02885776,101.120143,13,0,0.196548,0.132416,0.066426,0.025512,0.078014,0.076098,0.051352,0.081791,0.354777,0.175791,0.092631,0.047465
South Canol,Liard,Census,2022,Early-Winter,6,6,5,208,1,H?,6128-13240,138137,40065,61.4833,-132.7083,1,0,0,0,0,0,0,0,0,16.49374515,16.30994304,1003,0,0,0,0,0.832036427,-0.07985766,59.460784,59.297386,5.721447,18.635571,19.220511,20.608568,22.592593,61.579521,67.325708,66.19281,66.873638,70.517429,1,H?,260.6191,123.0035154,120.0927197,0,0,0.191968,0.124183,0.04114,0.057214,0.165541,0.119061,0.062827,0.079283,0.594294,0.186356,0.106146,0.036181
South Canol,Liard,Census,2022,Early-Winter,6,0,5,209,1,H.,6128-13235,138138,40064,61.4833,-132.625,0,0,0,0,0,0,0,0,0,16.49374532,16.30994318,1003,0.291,0,0,0,0.116502913,-0.933663217,23.525895,23.341123,19.136242,26.334227,27.164473,29.480527,22.962963,41.329276,45.867072,46.350742,48.508233,39.650019,1,H?,111.4407,48.47844634,47.99654003,0,0,0.271693,0.043987,0.006208,0.191362,0.365701,0.041765,0.008775,0.010029,0.231691,0.263342,0.039575,0.003932
South Canol,Liard,Census,2022,Early-Winter,6,0,5,210,2,H.,6128-13230,138139,40063,61.4833,-132.5417,0,0,0,0,0,0,0,0,0,16.49374498,16.30994301,1003,0.638,0,0,0,0.280479268,-0.552099235,25.243409,25.008205,13.940622,14.756792,13.395349,19.573187,13.703704,38.540641,38.688327,36.434745,41.953834,31.019582,0,L?,155.0055,50.0807266,46.68893952,3,0,0.133819,0.023554,0.01384,0.139406,0.240798,0.035221,0.023829,0.032926,0.250599,0.147568,0.01479,0.007813
South Canol,Liard,Census,2022,Early-Winter,6,0,5,211,2,L?,6126-13325,138668,39534,61.45,-133.4583,0,0,0,0,0,0,0,0,0,16.51129434,16.31944492,822,1.138,0,0,0,0.449721345,-0.347056499,35.430969,35.294759,7.14013,23.678612,19.298533,26.755032,42.307692,39.261196,45.020159,41.266209,44.987469,52.538956,0,L?,154.4466,74.02989502,72.38718163,3,0,0.192985,0.134293,0.023448,0.071401,0.220968,0.10882,0.016014,0.029952,0.35206,0.236786,0.140293,0.023885
South Canol,Liard,Census,2022,Early-Winter,6,0,5,212,2,L?,6126-13320,138669,39533,61.45,-133.375,0,0,0,0,0,0,0,0,0,16.51129422,16.31944471,822,1.778,0,0,0,0.626349605,-0.203183192,36.715002,36.622329,5.470793,24.531386,20.844011,24.218963,22.962963,37.505451,45.088312,42.471653,43.392935,40.770824,0,L?,179.3724,106.4413631,109.1568037,0,0,0.209133,0.152626,0.023051,0.054708,0.137969,0.119279,0.022942,0.03493,0.366296,0.245314,0.160854,0.030516
South Canol,Liard,Census,2022,Early-Winter,6,6,5,213,1,H?,6126-13315,138670,39532,61.45,-133.2917,1,0,1,1,0,0,0,0,2,16.51129414,16.31944478,822,2,0,0,1,0.8759006,-0.057545176,58.014061,57.741566,8.105017,23.105834,22.939029,28.987087,46.816479,63.981688,68.172652,65.976347,69.464276,78.145948,1,H?,304.214,143.5155864,146.0023252,5,0,0.228662,0.148156,0.086829,0.08105,0.174683,0.066235,0.041399,0.10268,0.5769,0.231058,0.128711,0.066456
South Canol,Liard,Census,2022,Early-Winter,6,6,5,214,2,L?,6126-13310,138671,39531,61.45,-133.2083,1,0,0,0,1,0,0,0,2,16.51129391,16.31944465,822,2,0,0,1,0.913777221,-0.039159672,64.769692,64.633415,2.856831,17.440846,13.075918,15.581091,18.217054,65.756337,68.830744,66.301445,67.882257,66.028891,0,L?,305.9082,128.6089415,126.4399392,1.29,7,0.13112,0.114709,0.03173,0.028568,0.092847,0.075183,0.039908,0.056155,0.646145,0.174408,0.133519,0.042198
South Canol,Liard,Census,2022,Early-Winter,6,0,5,215,2,L?,6126-13305,138672,39530,61.45,-133.125,0,0,0,0,0,0,0,0,0,16.5112943,16.31944481,822,0.362,0,0,0,0.156525412,-0.805415144,17.329994,17.068656,4.708129,7.446809,4.255087,19.142436,41.886792,21.957859,22.578538,19.442478,33.620079,47.32945,0,L?,111.3604,42.41814266,41.63351749,1.034,6,0.042226,0.022422,0.006549,0.047081,0.117567,0.006765,0.003274,0.008841,0.172378,0.074468,0.023622,0.008895
South Canol,Liard,Census,2022,Early-Winter,6,0,5,216,1,H?,6126-13300,138673,39529,61.45,-133.0417,0,0,0,0,0,0,0,0,0,16.51129413,16.31944476,1003,0.397,0,0,0,0.177223827,-0.75147789,29.02874,28.941484,1.585485,7.377138,5.368433,9.134511,9.65251,29.519551,31.597317,30.173965,32.229918,35.878279,1,H?,114.3324,42.6519375,40.3385749,0.638,4,0.053936,0.041896,0.005035,0.015855,0.06173,0.039664,0.008428,0.010289,0.287342,0.073771,0.046856,0.009851
South Canol,Liard,Census,2022,Early-Winter,6,0,5,217,1,H?,6126-13255,138674,39528,61.45,-132.9583,0,0,0,0,0,0,0,0,0,16.5112944,16.319445,1003,1.048,0,0,0,0.444552497,-0.352076946,55.197777,54.925357,5.282689,13.004802,12.935215,15.921103,24.444444,56.434565,57.61142,56.07497,57.322654,61.39806,1,H?,201.6818,92.74272364,89.83906788,0,0,0.129108,0.119952,0.044094,0.052827,0.150022,0.118915,0.048521,0.064458,0.54888,0.130048,0.104835,0.037441
South Canol,Liard,Census,2022,Early-Winter,6,0,5,218,2,L.,6126-13250,138675,39527,61.45,-132.875,0,0,0,0,0,0,0,0,0,16.51129418,16.31944474,1003,1.471,0,0,0,0.515728556,-0.287578821,41.422503,41.422503,1.813217,12.282906,12.624639,14.313736,31.25,41.438841,47.162618,44.455942,44.455942,50.359438,0,L,183.6837,81.14311701,79.17380401,0.788,5,0.126501,0.095818,0.031177,0.018132,0.065265,0.064227,0.034955,0.049975,0.414301,0.122829,0.067231,0.023923
South Canol,Liard,Census,2022,Early-Winter,6,0,5,219,2,L?,6126-13245,138676,39526,61.45,-132.7917,0,0,0,0,0,0,0,0,0,16.51129403,16.31944477,1003,1.067,0,0,0,0.436983265,-0.359535195,51.739722,51.576368,2.081971,7.968171,8.876515,10.19762,10.408922,52.785189,53.977675,53.133678,53.78165,54.865233,0,L?,210.8582,82.58047272,80.80721326,0,0,0.088838,0.074177,0.02662,0.02082,0.061751,0.037715,0.026129,0.037421,0.517742,0.079682,0.056082,0.01511
South Canol,Liard,Census,2022,Early-Winter,6,0,5,220,1,H?,6126-13240,138677,39525,61.45,-132.7083,0,0,0,0,0,0,0,0,0,16.51129426,16.31944479,1003,0.293,0,0,0,0.127580819,-0.894214613,34.983607,34.89071,5.50329,22.029474,21.236911,21.858639,33.333333,38.934426,48,44.928962,45.180328,55.098361,1,H?,112.4094,42.98199862,42.5546499,2.63,11,0.2122,0.115751,0.007779,0.055033,0.169504,0.06542,0.005006,0.009903,0.348374,0.220295,0.09125,0.007617
South Canol,Liard,Census,2022,Early-Winter,6,0,5,221,1,H?,6126-13235,138678,39524,61.45,-132.625,0,0,0,0,0,0,0,0,0,16.51129398,16.3194447,1003,0.777,0,0,0,0.400379543,-0.397528121,45.586312,45.477332,9.179401,24.008918,26.56182,28.12364,41.851852,52.424804,59.840889,60.233217,61.590017,68.47755,1,H?,157.2258,69.39655398,69.34048894,1.994,8,0.266844,0.11719,0.018329,0.091794,0.224101,0.081734,0.024731,0.032555,0.454773,0.240089,0.095274,0.015648
South Canol,Liard,Census,2022,Early-Winter,6,0,5,222,1,H?,6126-13230,138679,39523,61.45,-132.5417,0,0,0,0,0,0,0,0,0,16.51129421,16.31944491,1003,0.542,0,0,0,0.218699001,-0.660153201,26.520892,26.418056,8.551913,10.797814,8.808008,16.620423,39.62963,34.45551,34.823555,33.502923,41.139857,47.959515,1,H?,121.2174,41.3666917,39.58201679,0,0,0.086503,0.018361,0.001537,0.085519,0.195355,0.029016,0.009714,0.010537,0.265966,0.107978,0.025355,0.003183
South Canol,Liard,Census,2022,Early-Winter,6,6,5,223,1,L?,6124-13325,139208,38994,61.4167,-133.4583,1,0,0,0,0,0,0,0,0,16.52883818,16.32894491,822,0,0,0,0,0.008630734,-2.063952293,2.634157,2.623272,3.837779,6.450735,3.801329,9.018625,18.796992,6.237074,8.201807,5.638402,10.482203,18.123435,1,H?,19.73995,5.526071628,5.161836629,2,0,0.03816,0.008111,0.001591,0.038378,0.123353,0.008601,0.003346,0.00351,0.025848,0.064507,0.008873,0.002633
South Canol,Liard,Census,2022,Early-Winter,6,0,5,224,1,H?,6124-13320,139209,38993,61.4167,-133.375,0,0,0,0,0,0,0,0,0,16.52883821,16.32894481,822,1.189,0,0,0,0.512181127,-0.290576429,50.381098,50.130662,8.907764,23.320266,19.004845,27.633513,35.877863,54.578615,59.685322,56.571211,61.596254,67.508711,1,H?,188.6211,93.21948613,94.52180816,1.98,8,0.190624,0.128988,0.005499,0.089078,0.217685,0.118316,0.008276,0.010509,0.500163,0.233203,0.140531,0.009528
South Canol,Liard,Census,2022,Early-Winter,6,0,5,225,1,H?,6124-13315,139210,38992,61.4167,-133.2917,0,0,0,0,0,0,0,0,0,16.52883855,16.32894502,822,1.504,0,0,0,0.514392253,-0.288705581,43.950604,43.613317,9.072086,16.05732,11.858224,27.968639,52.140078,49.738875,50.52769,47.339789,58.263519,67.533457,1,H?,222.1459,101.3134047,102.9876892,3,0,0.117964,0.083801,0.019452,0.090721,0.200349,0.088051,0.024628,0.031657,0.437463,0.160573,0.09448,0.028333
South Canol,Liard,Census,2022,Early-Winter,6,0,5,226,1,L.,6124-13310,139211,38991,61.4167,-133.2083,0,0,0,0,0,0,0,0,0,16.52883806,16.32894484,822,2.055,0,0,0,0.630906264,-0.20003516,49.23714,49.171752,1.654152,16.443574,13.200349,16.699368,31.111111,49.580427,55.966652,53.683522,54.795118,53.688971,1,H?,234.0423,98.94036585,100.0203184,1.112,6,0.132441,0.086843,0.011699,0.016542,0.065078,0.050169,0.013222,0.018392,0.490803,0.164436,0.097181,0.023343
South Canol,Liard,Census,2022,Early-Winter,6,0,5,227,2,L?,6124-13305,139212,38990,61.4167,-133.125,0,0,0,0,0,0,0,0,0,16.52883822,16.32894487,822,0.985,0,0,0,0.437629883,-0.35889303,44.004353,43.928183,0.920229,7.301933,6.847974,10.399782,23.703704,44.401523,46.256801,45.446137,47.611534,51.392818,0,L?,171.2129,62.92339674,62.17658924,1.214,6,0.067901,0.05407,0.009375,0.009202,0.039151,0.022325,0.008114,0.015241,0.44015,0.073019,0.049932,0.015789
South Canol,Liard,Census,2022,Early-Winter,6,0,5,228,2,H?,6124-13300,139213,38989,61.4167,-133.0417,0,0,0,0,0,0,0,0,0,16.5288379,16.32894461,1003,0.375,0,0,0,0.177390439,-0.751069792,26.342446,26.233526,6.708081,12.653261,9.113207,24.358206,37.262357,31.396362,32.795992,28.994663,43.246923,54.912319,0,L,105.7546,42.05169936,41.48669038,1.418,6.05,0.091058,0.064084,0.003629,0.067081,0.182987,0.044739,0.002364,0.005773,0.261244,0.126533,0.061305,0.002584
South Canol,Liard,Census,2022,Early-Winter,6,0,5,229,1,L.,6124-13255,139214,38988,61.4167,-132.9583,0,0,0,0,0,0,0,0,0,16.52883807,16.32894485,1003,1.262,0,0,0,0.464576559,-0.332942707,35.240324,35.240324,0.706307,8.404512,8.320636,8.935568,7.364341,35.240324,36.35077,35.795547,35.795547,36.786239,1,H?,185.3767,72.46499185,73.12454478,0,0,0.083297,0.076542,0.038189,0.007063,0.027869,0.027869,0.01982,0.044678,0.352867,0.084045,0.071452,0.041776
South Canol,Liard,Census,2022,Early-Winter,6,0,5,230,2,L?,6124-13250,139215,38987,61.4167,-132.875,0,0,0,0,0,0,0,0,0,16.52883809,16.32894471,1003,3.311,0,0,0,0.854467551,-0.068304425,56.488591,56.488591,2.090365,12.585738,19.579924,25.362793,31.764706,56.51582,61.188259,59.696128,59.70702,63.045254,0,L?,307.6635,116.8791468,115.4690163,0,0,0.197224,0.16429,0.104492,0.020904,0.086935,0.085792,0.071005,0.134168,0.563427,0.125857,0.077354,0.042145
South Canol,Liard,Census,2022,Early-Winter,6,6,5,231,2,H?,6124-13245,139216,38986,61.4167,-132.7917,1,1,3,1,0,0,0,0,5,16.52883831,16.32894477,1003,5,1,1,0,0.385942352,-0.413477561,44.247499,43.964767,8.196632,23.210212,24.857531,28.179104,49.62963,50.010874,56.225533,54.224663,56.138538,69.236625,0,L,185.2286,82.38775628,84.56454227,1.61,7.05,0.246931,0.148343,0.030425,0.081966,0.202988,0.083813,0.023362,0.037868,0.440524,0.232102,0.112873,0.018472
South Canol,Liard,Census,2022,Early-Winter,6,0,5,232,1,H?,6124-13240,139217,38985,61.4167,-132.7083,0,0,0,0,0,0,0,0,0,16.52883785,16.32894474,1003,0.504,0,0,0,0.227077623,-0.643825661,40.488124,40.335585,9.915819,14.961189,14.985276,15.770531,32.962963,49.983657,51.677925,52.179124,52.881891,62.312051,1,H?,134.9147,50.27287101,49.77027886,1.406,7,0.150323,0.034711,0.005622,0.099158,0.196185,0.019843,0.005457,0.008488,0.400763,0.149612,0.03728,0.002976
South Canol,Liard,Census,2022,Early-Winter,6,0,5,233,1,H?,6124-13235,139218,38984,61.4167,-132.625,0,0,0,0,0,0,0,0,0,16.52883822,16.32894492,1003,0.282,0,0,0,0.093091859,-1.031088295,29.304708,29.043156,15.685213,27.202858,27.746295,29.250218,44.444444,44.07694,49.351569,49.155405,50.555798,61.644507,1,H?,91.90956,35.0167191,34.31553867,1.408,7,0.277279,0.077344,0.000164,0.156852,0.334488,0.033665,0.000109,0.000219,0.292436,0.272029,0.070849,0.000492
South Canol,Liard,Census,2022,Early-Winter,6,0,5,234,2,H?,6124-13230,139219,38983,61.4167,-132.5417,0,0,0,0,0,0,0,0,0,16.5288383,16.32894481,1003,0.196,0,0,0,0.006063445,-2.217280586,0.730678,0.698203,14.461639,17.632956,18.072094,23.197662,41.481481,15.225157,18.380602,18.802771,23.928339,41.805586,0,L?,36.7588,8.80492476,8.120951633,0.624,4,0.180253,0,0,0.144616,0.314407,0.000218,0.000055,0.000055,0.007029,0.17633,0,0
South Canol,Liard,Census,2022,Early-Winter,6,0,5,235,2,L.,6122-13320,139749,38453,61.3833,-133.375,0,0,0,0,0,0,0,0,0,16.54637517,16.33844222,822,0.274,0,0,0,0.106759905,-0.97159182,21.139007,20.905336,1.964626,5.540136,2.991081,9.304982,20.242915,22.3617,23.312683,22.073688,26.002608,28.812086,0,L,92.34527,31.08390415,29.92395122,2.628,11,0.029823,0.021279,0.001747,0.019646,0.074939,0.023619,0.000491,0.002129,0.207975,0.055401,0.033361,0.003003
South Canol,Liard,Census,2022,Early-Winter,6,0,5,236,2,L?,6122-13315,139750,38452,61.3833,-133.2917,0,0,0,0,0,0,0,0,0,16.54637565,16.33844237,822,0.685,0,0,0,0.297803029,-0.52607089,36.325531,36.20577,1.853563,9.354786,6.544802,12.861107,49.259259,37.15841,38.780621,38.443114,42.025041,60.827436,0,L?,151.3062,56.09022591,53.97637054,0,0,0.065772,0.044355,0.001903,0.018536,0.06762,0.039137,0.004023,0.004784,0.362238,0.093548,0.068979,0.010383
South Canol,Liard,Census,2022,Early-Winter,6,6,5,237,1,H?,6122-13310,139751,38451,61.3833,-133.2083,1,1,6,9,2,0,0,0,20,16.54637553,16.33844224,822,20,1,1,0,0.823197594,-0.084495907,72.519291,72.274753,4.738304,17.085126,15.691822,22.36792,30.37037,73.095316,76.187371,74.948375,76.741659,77.730681,1,H?,266.2698,118.7617301,118.1104525,2.558,11,0.156527,0.131801,0.029519,0.047383,0.155602,0.132182,0.03758,0.052938,0.722307,0.170851,0.13398,0.028375
South Canol,Liard,Census,2022,Early-Winter,6,0,5,238,1,H?,6122-13305,139752,38450,61.3833,-133.125,0,0,0,0,0,0,0,0,0,16.54637549,16.33844243,822,1.698,0,0,0,0.574080278,-0.241027373,46.704372,46.334566,2.053678,6.563077,5.093222,13.089091,17.037037,47.552752,48.27605,48.123776,52.175332,50.484011,1,H?,230.1351,79.58876066,77.94551766,0,0,0.050907,0.037325,0.011083,0.020537,0.073346,0.039661,0.013854,0.022547,0.465435,0.065631,0.050092,0.023634
South Canol,Liard,Census,2022,Early-Winter,6,0,5,239,2,L?,6122-13300,139753,38449,61.3833,-133.0417,0,0,0,0,0,0,0,0,0,16.54637505,16.33844215,1003,0.217,0,0,0,0.025502038,-1.593425117,3.488562,3.396185,3.678111,5.364819,3.873987,12.77545,13.703704,6.857578,7.743303,6.254415,14.513938,15.323589,0,L?,53.4388,14.7727645,14.63267074,0,0,0.038794,0.010828,0.000055,0.036781,0.102127,0.010011,0.001387,0.001443,0.032726,0.053648,0.0111,0.000499
South Canol,Liard,Census,2022,Early-Winter,6,0,5,240,2,L?,6122-13255,139754,38448,61.3833,-132.9583,0,0,0,0,0,0,0,0,0,16.54637533,16.3384424,1003,1.994,0,0,0,0.643836123,-0.19122466,57.701087,57.592391,3.864787,18.126395,18.349573,23.754831,28.235294,57.73913,61.402174,59.847826,60.603261,61.972826,0,L?,268.0205,110.2618986,111.260813,1.908,10,0.183605,0.161994,0.04322,0.038648,0.114202,0.110718,0.031354,0.057809,0.574985,0.181264,0.143433,0.042295
South Canol,Liard,Census,2022,Early-Winter,6,0,5,241,2,L?,6122-13250,139755,38447,61.3833,-132.875,0,0,0,0,0,0,0,0,0,16.54637519,16.33844217,1003,2.741,0,0,0,0.793977439,-0.100191838,51.662223,51.553403,2.61115,10.406601,16.333514,19.424226,28.340081,51.70031,53.055117,52.772186,53.153055,55.732086,0,L?,292.2158,117.3072638,115.7918286,0.778,5,0.163672,0.151838,0.116117,0.026112,0.086966,0.084523,0.074589,0.139243,0.516629,0.104066,0.089409,0.065957
South Canol,Liard,Census,2022,Early-Winter,6,6,5,242,2,L?,6122-13245,139756,38446,61.3833,-132.7917,1,0,0,1,0,0,0,0,1,16.54637543,16.33844237,1003,1,0,0,0,0.970645058,-0.012939552,66.445436,66.271352,3.896033,18.657367,19.756111,21.122543,47.583643,66.945925,72.119465,70.345991,71.009683,79.479926,0,L?,316.7798,134.6225981,133.8654841,1.958,9,0.197199,0.157476,0.071394,0.03896,0.110179,0.096883,0.048668,0.090414,0.661526,0.186574,0.128814,0.069977
South Canol,Liard,Census,2022,Early-Winter,6,0,5,243,2,L.,6122-13240,139757,38445,61.3833,-132.7083,0,0,0,0,0,0,0,0,0,16.54637544,16.33844219,1003,1.911,0,0,0,0.632186364,-0.199154876,56.210606,56.107368,3.108498,12.70619,17.507209,18.323269,43.703704,56.878939,61.459465,60.378179,60.568355,66.2193,0,L,242.5822,99.57975017,98.72199065,1.998,8,0.175295,0.134139,0.066198,0.031085,0.10926,0.09184,0.055365,0.089281,0.560584,0.127062,0.074691,0.030758
South Canol,Liard,Census,2022,Early-Winter,6,0,5,244,2,L?,6122-13235,139758,38444,61.3833,-132.625,0,0,0,0,0,0,0,0,0,16.5463753,16.33844234,1003,1.222,0,0,0,0.473080965,-0.325064526,60.443693,60.312875,1.993247,9.448862,10.895238,11.662585,45.185185,61.860896,63.457974,64.918783,65.458411,77.439224,0,L?,224.7653,83.89361751,83.45478016,1.996,9,0.108909,0.064311,0.009858,0.019932,0.060887,0.025324,0.009369,0.01536,0.604075,0.094489,0.062629,0.010839
South Canol,Liard,Census,2022,Early-Winter,6,0,5,245,1,H.,6122-13230,139759,38443,61.3833,-132.5417,0,0,0,0,0,0,0,0,0,16.54637535,16.33844241,1003,0.252,0,0,0,0.039526227,-1.40311464,4.692574,4.546439,5.849537,6.667389,10.197012,20.16129,36.666667,10.532583,11.322797,14.873349,24.783503,41.031609,1,H,88.55365,22.11950742,21.45337205,0.72,4,0.102042,0.000487,0,0.058495,0.13806,0.00065,0.000054,0.000054,0.045772,0.066674,0.000379,0.000218
South Canol,Liard,Census,2022,Early-Winter,6,0,5,246,2,L?,6120-13320,140289,37913,61.35,-133.375,0,0,0,0,0,0,0,0,0,16.56390706,16.34793792,822,0.184,0,0,0,0.016986695,-1.76989112,4.014559,3.90591,3.661054,4.36176,2.054683,5.392184,0,7.447849,8.039983,5.682312,8.805954,4.014559,0,L?,25.39011,7.60285331,7.255210999,0,0,0.021456,0.004074,0,0.036611,0.118305,0.006355,0.000166,0.000166,0.039574,0.043618,0.002988,0.000111
South Canol,Liard,Census,2022,Early-Winter,6,0,5,247,1,L?,6120-13315,140290,37912,61.35,-133.2917,0,0,0,0,0,0,0,0,0,16.56390729,16.34793801,822,2.049,0,0,0,0.655452525,-0.183458759,40.926117,40.714402,7.39069,14.498586,11.659875,19.907634,32.818533,42.98898,43.966126,43.971554,47.478421,52.760436,1,H?,191.5133,113.823849,116.0590055,2.118,10,0.115782,0.084675,0.030135,0.073907,0.185882,0.124429,0.048629,0.055211,0.407631,0.144986,0.113879,0.048085
South Canol,Liard,Census,2022,Early-Winter,6,6,5,248,2,L?,6120-13310,140291,37911,61.35,-133.2083,1,0,0,0,0,0,0,0,0,16.56390712,16.34793783,822,0,0,0,0,0.558860823,-0.252696334,50.095042,49.975561,3.7908,18.535817,15.954385,18.93565,27.037037,50.377451,53.929289,51.23554,51.75148,57.606039,0,L?,212.3265,88.24374174,87.98959945,1,0,0.159615,0.147667,0.03476,0.037908,0.129039,0.119535,0.032044,0.04861,0.497421,0.185358,0.146907,0.029057
South Canol,Liard,Census,2022,Early-Winter,6,0,5,249,2,L.,6120-13305,140292,37910,61.35,-133.125,0,0,0,0,0,0,0,0,0,16.56390727,16.3479379,822,1.666,0,0,0,0.591007082,-0.228407315,56.454857,56.280915,1.531693,8.364565,7.987168,10.673119,17.407407,56.492906,58.330163,57.139751,57.884438,60.085884,0,L,232.3706,92.70365471,91.42985376,2.11,9,0.08055,0.071642,0.019282,0.015317,0.048612,0.04758,0.021618,0.031394,0.563675,0.083646,0.062354,0.017598
South Canol,Liard,Census,2022,Early-Winter,6,0,5,250,2,L?,6120-13300,140293,37909,61.35,-133.0417,0,0,0,0,0,0,0,0,0,16.56390692,16.3479378,822,0.29,0,0,1,0.0879645,-1.055692562,9.186166,9.121016,2.558531,4.188169,3.480102,12.742277,23.791822,11.694446,12.573973,11.482708,20.180249,30.175362,0,L,39.45884,12.93794526,12.77093202,0,0,0.033951,0.011027,0.001605,0.025585,0.098647,0.000489,0,0.001605,0.092489,0.041882,0.007116,0.000941
South Canol,Liard,Census,2022,Early-Winter,6,0,5,251,2,L?,6120-13255,140294,37908,61.35,-132.9583,0,0,0,0,0,0,0,0,0,16.56390739,16.34793795,1003,1.052,0,0,0,0.445080203,-0.351561722,39.955442,39.705483,6.833985,16.237505,12.680037,27.52867,21.875,43.574417,44.960061,42.389828,52.627289,47.20426,0,L?,191.7895,84.56624525,84.847849,2,0,0.127662,0.104465,0.016733,0.06834,0.17965,0.089961,0.021405,0.029391,0.396537,0.162375,0.113266,0.021785
South Canol,Liard,Census,2022,Early-Winter,6,0,5,252,2,L.,6120-13250,140295,37907,61.35,-132.875,0,0,0,0,0,0,0,0,0,16.56390696,16.34793774,1003,0.631,0,0,0,0.310399315,-0.508079246,41.468706,41.251763,1.365466,11.614623,13.425624,17.100977,13.333333,41.636837,45.579781,44.240156,45.167589,44.636078,0,L?,164.3294,63.60610134,63.68634918,0,0,0.133609,0.102927,0.005658,0.013655,0.047383,0.038516,0.003917,0.007888,0.410969,0.116146,0.073115,0.005549
South Canol,Liard,Census,2022,Early-Winter,6,0,5,253,2,L.,6120-13245,140296,37906,61.35,-132.7917,0,0,0,0,0,0,0,0,0,16.56390745,16.34793797,1003,3.045,1,0,0,0.852746997,-0.069179801,66.891598,66.78276,2.051894,12.930192,12.270973,12.417768,19.762846,66.918807,68.77993,68.050718,68.050718,68.627558,0,L,310.7912,121.416564,122.4402814,2.752,11,0.122517,0.110954,0.054774,0.020519,0.063565,0.061991,0.040443,0.066772,0.668735,0.129302,0.109272,0.050323
South Canol,Liard,Census,2022,Early-Winter,6,6,5,254,2,L?,6120-13240,140297,37905,61.35,-132.7083,1,0,0,1,0,0,0,0,1,16.56390707,16.34793794,1003,1,0,0,0,0.515635908,-0.287656847,61.003693,60.7267,3.805291,10.445577,9.190277,9.848279,26.190476,63.784488,66.179665,65.326961,65.598523,68.227243,0,L?,232.63,95.86164585,93.70424956,0,0,0.091771,0.047593,0.009595,0.038053,0.106136,0.03724,0.013335,0.018213,0.607383,0.104456,0.052418,0.008565
South Canol,Liard,Census,2022,Early-Winter,6,6,5,255,2,H?,6120-13235,140298,37904,61.35,-132.625,1,1,0,0,0,0,0,0,1,16.56390739,16.34793796,1003,1,0,0,0,0.166246809,-0.779246681,20.217628,20,5.8109,6.626176,6.775879,8.58278,24.150943,25.952122,26.387378,25.881393,27.404788,40.353645,0,L?,117.7393,38.02179005,37.05229978,2,0,0.067958,0.010013,0.003065,0.058109,0.146312,0.002736,0.000219,0.003284,0.20062,0.066262,0.003885,0.000219
South Canol,Liard,Census,2022,Early-Winter,6,0,5,256,2,L?,6120-13230,140299,37903,61.35,-132.5417,0,0,0,0,0,0,0,0,0,16.56390703,16.34793782,1003,1.633,0,0,0,0.591009171,-0.22840578,42.727815,42.342928,4.925309,5.883308,6.435376,11.48517,15.925926,45.774381,45.861116,44.907031,48.354746,49.238359,0,L?,229.8072,94.13022352,94.55471589,3,0,0.064354,0.041892,0.021705,0.049253,0.122213,0.055315,0.026576,0.036915,0.42593,0.058833,0.026846,0.012991
South Canol,Liard,Census,2022,Early-Winter,6,6,5,257,2,L.,6118-13315,140830,37372,61.3167,-133.2917,1,0,0,0,0,0,0,0,0,16.58143362,16.35743154,822,0,0,0,0,0.13031095,-0.885019088,10.550882,10.415197,2.295295,3.581312,3.730047,11.543056,15.589354,11.962008,12.244233,12.249661,18.236092,18.621438,0,L,59.71799,22.97184742,21.33818463,0,0,0.037278,0.020131,0.006659,0.022953,0.074231,0.029085,0.014605,0.01606,0.104219,0.035813,0.018829,0.008505
South Canol,Liard,Census,2022,Early-Winter,6,0,5,258,2,L?,6118-13310,140831,37371,61.3167,-133.2083,0,0,0,0,0,0,0,0,0,16.58143347,16.35743152,822,1.968,0,0,0,0.644103821,-0.191044125,45.357414,45.091659,3.253796,10.818872,8.693293,13.484914,7.169811,45.726218,47.59193,46.583144,47.315327,49.354594,0,L?,228.0021,103.5550051,100.8292046,1.368,7,0.087798,0.075217,0.020178,0.032538,0.095336,0.084002,0.040356,0.046648,0.449911,0.108189,0.085792,0.030647
South Canol,Liard,Census,2022,Early-Winter,6,6,5,259,1,H?,6118-13305,140832,37370,61.3167,-133.125,1,0,0,0,0,0,0,0,0,16.58143366,16.35743156,822,0,0,0,1,0.788878928,-0.102989644,64.718016,64.636596,4.357275,17.097686,19.163725,23.529731,18.888889,65.635347,68.680454,66.943495,67.263746,66.444119,1,H?,268.9741,124.4140844,127.0942394,2.124,9,0.192763,0.168315,0.074378,0.043573,0.120939,0.102304,0.056558,0.091383,0.645998,0.170977,0.128871,0.055036
South Canol,Liard,Census,2022,Early-Winter,6,0,5,260,2,L?,6118-13300,140833,37369,61.3167,-133.0417,0,0,0,0,0,0,0,0,0,16.58143332,16.35743145,822,0.987,0,0,0,0.424091904,-0.372540019,33.722066,33.575613,3.342739,7.032776,8.185961,15.433438,14.117647,36.249729,36.878933,36.504665,41.538295,42.541766,0,L?,142.0896,58.83878406,57.81613903,0,0,0.080258,0.05318,0.015768,0.033427,0.101259,0.029683,0.014947,0.023816,0.337656,0.070328,0.039722,0.01522
South Canol,Liard,Census,2022,Early-Winter,6,0,5,261,2,L?,6118-13255,140834,37368,61.3167,-132.9583,0,0,0,0,0,0,0,0,0,16.58143351,16.3574316,1003,0.216,0,0,0,0.02677711,-1.572236291,3.098714,3.039019,1.160961,1.426789,1.660787,7.272727,5.925926,4.194931,4.379443,4.48798,9.665165,8.54724,0,L?,46.65251,10.03438086,9.583174685,0.508,3,0.016329,0.003038,0.000054,0.01161,0.044974,0.003201,0.000272,0.000326,0.03037,0.014268,0.001628,0.000054
South Canol,Liard,Census,2022,Early-Winter,6,0,5,262,2,L?,6118-13250,140835,37367,61.3167,-132.875,0,0,0,0,0,0,0,0,0,16.58143336,16.35743151,1003,1.671,0,0,0,0.569116317,-0.244798962,50.168368,49.95655,2.432271,7.497693,6.263921,8.447873,8.518519,50.782099,52.259396,50.966761,51.732566,51.841191,0,L?,205.9189,81.04249286,81.57330917,1.236,6,0.063521,0.055703,0.014007,0.024323,0.063141,0.045985,0.016668,0.023834,0.498427,0.074977,0.053315,0.017428
South Canol,Liard,Census,2022,Early-Winter,6,0,5,263,2,L?,6118-13245,140836,37366,61.3167,-132.7917,0,0,0,0,0,0,0,0,0,16.58143355,16.35743157,1003,1.695,0,0,0,0.581161894,-0.235702869,50.347222,50.227865,0.946218,13.094785,13.613646,14.759887,30.740741,50.71072,54.383681,53.385417,53.819444,59.884983,0,L?,212.7299,84.54665768,83.92326852,0.618,5,0.135353,0.104301,0.033281,0.009462,0.043831,0.027788,0.012236,0.03861,0.501818,0.130948,0.091087,0.026483
South Canol,Liard,Census,2022,Early-Winter,6,0,5,264,2,L?,6118-13240,140837,37365,61.3167,-132.7083,0,0,0,0,0,0,0,0,0,16.58143331,16.35743149,1003,1.425,0,0,0,0.53542983,-0.271297437,60.296665,59.982676,1.811771,7.973963,8.015804,10.835679,29.62963,61.807059,62.754439,63.431139,64.784539,70.355132,0,L?,242.5259,87.92655707,87.29257623,2.362,10.05,0.080336,0.048549,0.013131,0.018118,0.057499,0.014538,0.006891,0.016007,0.599447,0.07974,0.054462,0.006946
South Canol,Liard,Census,2022,Early-Winter,6,0,5,265,1,H?,6118-13235,140838,37364,61.3167,-132.625,0,0,0,0,0,0,0,0,0,16.58143358,16.35743148,1003,1.374,0,0,0,0.520853129,-0.283284722,42.092444,41.805586,3.086855,5.587804,7.482772,9.533887,10.505837,44.398138,45.735008,46.492747,48.332973,48.240961,1,H?,201.2421,71.39140002,69.72893401,0,0,0.074811,0.031465,0.010851,0.030869,0.085228,0.026963,0.010309,0.014378,0.419602,0.055878,0.019313,0.007216
South Canol,Liard,Census,2022,Early-Winter,6,0,5,266,1,H.,6118-13230,140839,37363,61.3167,-132.5417,0,0,0,0,0,0,0,0,0,16.58143347,16.35743142,1003,0.204,0,0,0,0.029874881,-1.524693821,5.74744,5.709305,4.326949,5.860206,6.258526,12.849894,23.809524,9.991284,11.396818,11.843539,18.397254,27.549575,1,H,59.29096,16.04680533,15.22539872,0.734,5,0.062585,0.001146,0,0.043269,0.111802,0.00311,0,0,0.060438,0.058602,0.001855,0
South Canol,Liard,Census,2022,Early-Winter,6,0,5,267,1,L.,6116-13315,141370,36832,61.2833,-133.2917,0,0,0,0,0,0,0,0,0,16.59895284,16.36692259,822,0.211,0,0,1,0.00485027,-2.314234091,1.01897,0.99729,1.95122,2.184282,0.774942,4.232374,4.444444,2.807588,2.96477,1.528455,4.785908,5.073171,1,H,8.900719,3.78420151,3.82048098,0,0,0.007751,0.002222,0.001041,0.019512,0.050569,0.004119,0.001841,0.002081,0.009973,0.021843,0.002764,0.0004
South Canol,Liard,Census,2022,Early-Winter,6,6,5,268,1,L.,6116-13310,141371,36831,61.2833,-133.2083,1,0,0,0,0,0,0,0,0,16.59895293,16.36692252,822,0,0,0,0,0.320392116,-0.494318179,42.725449,42.541077,4.274246,16.115209,13.313449,19.425163,24.313725,45.328344,50.517868,48.446397,52.735752,57.388428,1,H,137.7659,60.56745604,58.10983499,1.534,8.05,0.133163,0.073769,0.006904,0.042742,0.151117,0.061076,0.011069,0.013465,0.425319,0.161152,0.082122,0.009585
South Canol,Liard,Census,2022,Early-Winter,6,0,5,269,2,L.,6116-13305,141372,36830,61.2833,-133.125,0,0,0,0,0,0,0,0,0,16.59895301,16.36692262,822,0.627,0,0,0,0.345573959,-0.461458992,27.787112,27.348111,1.756955,4.126674,2.933839,12.185466,2.734375,28.757249,28.909002,28.193594,34.756924,30.502412,0,L,170.0775,56.69343606,56.54039576,1.918,7,0.029337,0.025216,0.015456,0.01757,0.066157,0.029337,0.011335,0.02229,0.273525,0.041267,0.03015,0.020229
South Canol,Liard,Census,2022,Early-Winter,6,6,5,270,2,L.,6116-13300,141373,36829,61.2833,-133.0417,1,0,0,0,0,0,0,0,0,16.59895271,16.3669224,822,0,0,0,0,0.173621474,-0.760396562,20.632424,20.448012,0.888985,1.707502,2.022557,8.014315,3.703704,21.391767,21.52194,21.196507,25.633238,24.613549,0,L,92.01565,30.30446004,29.69259429,2.922,13,0.020707,0.014365,0.000979,0.00889,0.038324,0.00786,0.001033,0.001958,0.204602,0.017075,0.008402,0.000816
South Canol,Liard,Census,2022,Early-Winter,6,0,5,271,2,L.,6116-13255,141374,36828,61.2833,-132.9583,0,0,0,0,0,0,0,0,0,16.59895317,16.36692275,1003,0.356,0,0,0,0.109261311,-0.961533594,10.59678,10.336604,1.365558,2.070012,4.678014,10.64072,7.407407,11.735053,12.282509,14.981842,20.282942,16.721774,0,L?,107.311,28.91545194,28.84148135,0,0,0.046548,0.00336,0.000596,0.013656,0.036036,0.005311,0.000867,0.001138,0.101356,0.0207,0.003631,0.000434
South Canol,Liard,Census,2022,Early-Winter,6,6,5,272,2,L?,6116-13250,141375,36827,61.2833,-132.875,1,1,3,5,0,0,0,0,9,16.59895305,16.36692257,1003,9,1,1,0,1.104410023,0.04313034,69.077699,68.839126,7.377271,23.129916,22.889214,28.599317,40.37037,69.999458,74.250393,72.428564,73.431654,76.0668,0,L,372.4471,172.2735491,180.6477758,1.614,8,0.229021,0.196745,0.083374,0.073773,0.195226,0.172769,0.100407,0.132574,0.690609,0.231299,0.181448,0.085598
South Canol,Liard,Census,2022,Early-Winter,6,6,5,273,2,L.,6116-13245,141376,36826,61.2833,-132.7917,1,0,0,1,0,0,0,0,1,16.59895272,16.36692257,1003,1,0,0,1,0.712387924,-0.147283451,63.662429,63.608331,1.1592,11.445751,21.025558,21.794455,26.296296,63.732756,66.956992,66.161753,66.513389,69.656478,0,L,282.18,106.8290943,105.1181603,3.078,15,0.211202,0.184822,0.086453,0.011592,0.050485,0.046097,0.028384,0.095011,0.633579,0.114458,0.081144,0.031959
South Canol,Liard,Census,2022,Early-Winter,6,0,5,274,2,L.,6116-13240,141377,36825,61.2833,-132.7083,0,0,0,0,0,0,0,0,0,16.59895289,16.36692255,1003,4.546,1,1,0,1.076323473,0.031942812,68.134968,68.064446,1.595139,12.381314,15.663108,18.99626,52.222222,68.948682,70.494738,69.718998,71.194532,81.355105,0,L,352.4131,128.3729453,129.9714598,2,0,0.155499,0.141175,0.061584,0.015951,0.052032,0.02995,0.013673,0.065165,0.681416,0.123813,0.101894,0.048833
South Canol,Liard,Census,2022,Early-Winter,6,0,5,275,2,H.,6116-13235,141378,36824,61.2833,-132.625,0,0,0,0,0,0,0,0,0,16.59895309,16.3669227,1003,1.866,0,0,0,0.545197903,-0.263445823,44.979204,44.822557,3.54514,20.399437,19.913467,21.498107,57.407407,47.220872,55.809431,54.604872,55.885054,73.407876,0,L,232.8337,87.80089902,87.76475202,1.978,8.05,0.199286,0.10289,0.03909,0.035451,0.139749,0.052663,0.025463,0.046039,0.450855,0.203994,0.094826,0.032847
South Canol,Liard,Census,2022,Early-Winter,6,6,5,276,2,H.,6116-13230,141379,36823,61.2833,-132.5417,1,0,0,1,1,0,0,0,3,16.59895294,16.36692262,1003,3,0,0,0,0.023373888,-1.631269037,4.465252,4.43819,10.59212,22.369561,19.923144,22.115176,26.296296,14.867937,26.250271,23.636068,25.828101,28.799524,0,L,28.02361,9.822576326,9.333038032,0,0,0.199231,0.008065,0.001178,0.105921,0.252057,0.005088,0.000449,0.001459,0.046114,0.223696,0.006549,0.001627
South Canol,Liard,Census,2022,Early-Winter,6,0,5,277,2,L.,6114-13310,141911,36291,61.25,-133.2083,0,0,0,0,0,0,0,0,0,16.61646719,16.37641191,822,0.171,0,0,0,7.62E-06,-5.118270315,0,0,0.449889,0.92688,0.850718,1.793552,2.290076,0.460181,0.969087,0.855395,1.840723,1.981484,0,L,3.671028,0.346877382,0.284847967,2.47,10,0.008618,0,0,0.004499,0.017725,0,0,0,0,0.009269,0,0
South Canol,Liard,Census,2022,Early-Winter,6,0,5,278,2,L.,6114-13305,141912,36290,61.25,-133.125,0,0,0,0,0,0,0,0,0,16.61646752,16.37641198,822,0.17,0,0,1,0.000287448,-3.541440818,0,0,1.396633,1.840524,0.942119,6.042558,3.90625,1.407231,1.818575,0.941762,6.040268,3.350292,0,L,12.14525,1.620556802,1.419655727,2.548,11,0.009419,0,0,0.013966,0.064797,0,0,0,0,0.018405,0,0
South Canol,Liard,Census,2022,Early-Winter,6,0,5,279,2,L.,6114-13300,141913,36289,61.25,-133.0417,0,0,0,0,0,0,0,0,0,16.61646738,16.37641204,822,0.278,0,0,0,0.044062996,-1.355925973,6.06274,5.948962,1.251761,4.969112,4.846054,9.811362,3.703704,7.22761,10.700547,10.229181,14.72612,9.06973,0,L,49.99805,13.65964249,13.16926743,2.594,12,0.048391,0.00699,0.002828,0.012518,0.054135,0.005636,0.00087,0.003317,0.059445,0.049691,0.00401,0.000218
South Canol,Liard,Census,2022,Early-Winter,6,0,5,280,2,L.,6114-13255,141914,36288,61.25,-132.9583,0,0,0,0,0,0,0,0,0,16.61646746,16.3764121,1003,0.223,0,0,0,0.032863253,-1.483289446,3.043926,3.027677,1.409596,1.734888,1.678761,7.03455,2.222222,3.69929,3.748037,3.840113,8.50891,5.134594,0,L,68.50975,18.52103415,17.71020232,1.236,7,0.016753,0.008187,0.001789,0.014096,0.032095,0.013337,0.002494,0.003253,0.028339,0.017349,0.009596,0.002603
South Canol,Liard,Census,2022,Early-Winter,6,0,5,281,2,L?,6114-13250,141915,36287,61.25,-132.875,0,0,0,0,0,0,0,0,0,16.61646745,16.37641194,1003,3.942,1,1,0,0.981430763,-0.008140333,66.819853,66.371107,5.117236,11.328315,12.309109,18.049388,20,68.722967,69.442042,68.609429,71.642517,72.172362,0,L?,330.1954,131.6531887,131.165285,1.926,8,0.123084,0.104619,0.032761,0.051172,0.131532,0.089619,0.035252,0.047707,0.664377,0.113283,0.08637,0.027725
South Canol,Liard,Census,2022,Early-Winter,6,0,5,282,2,L?,6114-13245,141916,36286,61.25,-132.7917,0,0,0,0,0,0,0,0,0,16.61646764,16.37641207,1003,2.148,0,0,0,0.681721794,-0.166392822,62.365183,62.202591,3.093899,14.052358,20.941444,22.880667,40,63.058913,66.430004,66.115658,66.923202,68.966452,0,L?,267.5566,112.7075112,113.609998,0.884,5,0.20992,0.171408,0.064434,0.030939,0.098767,0.080701,0.048312,0.07915,0.621221,0.140524,0.098496,0.036031
South Canol,Liard,Census,2022,Early-Winter,6,0,5,283,2,L.,6114-13240,141917,36285,61.25,-132.7083,0,0,0,0,0,0,0,0,0,16.61646749,16.376412,1003,1.544,0,0,0,0.543495103,-0.264804365,52.974412,52.621285,2.350902,8.840258,13.012768,15.740288,31.111111,54.946488,56.244907,58.944967,60.906177,71.070788,0,L,259.2218,83.53963036,83.78556384,4,0,0.129895,0.072152,0.017406,0.023509,0.09474,0.02118,0.005531,0.020497,0.526556,0.088403,0.05666,0.017569
South Canol,Liard,Census,2022,Early-Winter,6,0,5,284,2,L.,6112-13310,142451,35751,61.2167,-133.2083,0,0,0,0,0,0,0,0,0,16.63397495,16.3858988,822,0.199,0,0,0,3.21E-05,-4.494115488,0,0,0.833063,0.9683,0.167722,3.706108,5.185185,0.828101,0.952587,0.167785,3.707512,5.347478,0,L?,7.213314,0.776972077,0.649249127,21,0,0.001677,0,0,0.008331,0.035595,0,0,0,0,0.009683,0,0
South Canol,Liard,Census,2022,Early-Winter,6,0,5,285,2,L?,6112-13305,142452,35750,61.2167,-133.125,0,0,0,0,0,0,0,0,0,16.63397473,16.38589864,822,0.2,0,0,0,3.11E-05,-4.507483598,0,0,0.486934,0.486934,0.421758,3.590354,0.746269,0.491732,0.491732,0.421485,3.588026,1.048309,0,L?,9.325705,0.861125119,0.719552589,1.714,7.05,0.00422,0,0,0.004869,0.020018,0,0,0,0,0.004869,0,0
South Canol,Liard,Census,2022,Early-Winter,6,6,5,286,2,L?,6112-13300,142453,35749,61.2167,-133.0417,1,0,0,0,0,0,0,0,0,16.63397469,16.38589879,822,0,0,0,0,1.04E-09,-8.985057133,0,0,2.70358,2.909052,2.493374,5.522202,14.901961,2.69861,2.898707,2.482289,5.499973,14.574658,0,L?,0.541721,0.00944387,0.006393064,13,0,0.024927,0,0,0.027036,0.086731,0,0,0,0,0.029091,0,0
South Canol,Liard,Census,2022,Early-Winter,6,0,5,287,2,L.,6112-13255,142454,35748,61.2167,-132.9583,0,0,0,0,0,0,0,0,0,16.63397502,16.38589874,1003,0.289,0,0,0,0.11946913,-0.922744298,8.929247,8.767094,1.40197,1.499405,1.395877,10.063301,17.037037,10.172423,10.199449,9.410302,17.593644,25.609427,0,L,77.17146,21.47084694,20.29729052,0.934,5,0.014507,0.009798,0.007879,0.01402,0.060355,0.007308,0.004347,0.008911,0.087709,0.014994,0.002328,0.00163
South Canol,Liard,Census,2022,Early-Winter,6,0,5,288,2,L?,6112-13250,142455,35747,61.2167,-132.875,0,0,0,0,0,0,0,0,0,16.63397464,16.3858987,1003,1.636,0,0,0,0.58076755,-0.235997658,44.779758,44.47635,1.189253,7.470674,6.675329,15.240106,24.814815,45.012732,45.245706,45.213198,51.644363,48.014304,0,L?,234.2403,83.12105782,83.26269035,0,0,0.066112,0.060544,0.004541,0.011893,0.04584,0.034705,0.001838,0.005946,0.444006,0.074707,0.06995,0.016055
South Canol,Liard,Census,2022,Early-Winter,6,6,5,289,2,L?,6112-13245,142456,35746,61.2167,-132.7917,1,0,2,2,1,0,0,0,6,16.63397487,16.38589877,1003,6,1,1,0,1.08110412,0.033867522,69.53467,69.226612,5.273987,23.408057,28.194595,33.72973,41.111111,70.923634,72.74496,74.047452,77.473923,77.446901,0,L?,369.475,149.812176,152.8449453,1.112,6,0.28238,0.23825,0.094,0.05274,0.157028,0.123348,0.058859,0.115984,0.690755,0.234081,0.202621,0.09151
South Canol,Liard,Census,2022,Early-Winter,6,0,5,290,2,L?,6112-13240,142457,35745,61.2167,-132.7083,0,0,0,0,0,0,0,0,0,16.63397463,16.38589865,1003,0.425,0,0,0,0.17345656,-0.76080927,22.419756,22.246839,1.463811,5.361887,6.714317,10.510071,10.37037,23.138442,23.359991,23.468064,27.066897,26.477899,0,L,95.85915,31.83248277,32.03692962,3,0,0.067227,0.057577,0.018795,0.014638,0.06045,0.030089,0.006844,0.01999,0.224413,0.053619,0.044402,0.017763
South Canol,Liard,Census,2022,Early-Winter,6,0,5,291,2,L.,6110-13305,142992,35210,61.1833,-133.125,0,0,0,0,0,0,0,0,0,16.65147717,16.3953838,822,0.193,0,0,0,8.21E-07,-6.085440101,0,0,0.027045,0.027045,0.664901,3.940754,0.37037,0.027034,0.027034,0.654231,3.909165,0.389294,0,L,2.470902,0.132839877,0.102687027,4,0,0.006653,0,0,0.00027,0.001785,0,0,0,0,0.00027,0,0
South Canol,Liard,Census,2022,Early-Winter,6,0,5,292,2,L?,6110-13250,142995,35207,61.1833,-132.875,0,0,0,0,0,0,0,0,0,16.65147701,16.39538367,1003,0.254,0,0,0,0.10967887,-0.959877032,9.863872,9.615385,1.842845,2.150886,0.977427,7.382007,9.62963,11.678911,11.727528,10.598531,16.302939,19.284788,0,L?,69.61593,20.2127131,19.731788,2.83,14,0.009782,0.002432,0.002477,0.018428,0.072038,0.001729,0.001706,0.003963,0.096326,0.021509,0.002864,0.002532
South Canol,Liard,Census,2022,Early-Winter,6,0,5,293,2,L?,6110-13245,142996,35206,61.1833,-132.7917,0,0,0,0,0,0,0,0,0,16.65147711,16.39538387,1003,0.278,0,0,0,0.067332684,-1.171774076,6.857545,6.760121,7.637761,9.277904,9.531809,22.938116,24.814815,13.899112,15.084434,14.8517,27.278632,32.009093,0,L?,63.50736,29.17516158,28.96193111,0,0,0.095594,0.016077,0.013609,0.076378,0.21219,0.014832,0.012904,0.020223,0.067864,0.092779,0.010176,0.009271
